Timestamp,Bin_ID,Latitude,Longitude,Fill_Level,Capacity_kg,Area_Type
2026-03-10 06:00,B01,12.937454011884737,77.59507143064098,20,120,Commercial
2026-03-10 07:00,B01,12.937454011884737,77.59507143064098,21,120,Commercial
2026-03-10 08:00,B01,12.937454011884737,77.59507143064098,26,120,Commercial
2026-03-10 09:00,B01,12.937454011884737,77.59507143064098,39,120,Commercial
2026-03-10 10:00,B01,12.937454011884737,77.59507143064098,50,120,Commercial
2026-03-10 11:00,B01,12.937454011884737,77.59507143064098,63,120,Commercial
2026-03-10 12:00,B01,12.937454011884737,77.59507143064098,75,120,Commercial
2026-03-10 13:00,B01,12.937454011884737,77.59507143064098,80,120,Commercial
2026-03-10 14:00,B01,12.937454011884737,77.59507143064098,92,120,Commercial
2026-03-10 15:00,B01,12.937454011884737,77.59507143064098,100,120,Commercial
2026-03-10 16:00,B01,12.937454011884737,77.59507143064098,12,120,Commercial
2026-03-10 17:00,B01,12.937454011884737,77.59507143064098,24,120,Commercial
2026-03-10 18:00,B01,12.937454011884737,77.59507143064098,31,120,Commercial
2026-03-10 19:00,B01,12.937454011884737,77.59507143064098,34,120,Commercial
2026-03-10 20:00,B01,12.937454011884737,77.59507143064098,35,120,Commercial
2026-03-10 21:00,B01,12.937454011884737,77.59507143064098,38,120,Commercial
2026-03-10 22:00,B01,12.937454011884737,77.59507143064098,39,120,Commercial
2026-03-10 23:00,B01,12.937454011884737,77.59507143064098,41,120,Commercial
2026-03-11 00:00,B01,12.937454011884737,77.59507143064098,44,120,Commercial
2026-03-11 01:00,B01,12.937454011884737,77.59507143064098,46,120,Commercial
2026-03-11 02:00,B01,12.937454011884737,77.59507143064098,47,120,Commercial
2026-03-11 03:00,B01,12.937454011884737,77.59507143064098,51,120,Commercial
2026-03-11 04:00,B01,12.937454011884737,77.59507143064098,54,120,Commercial
2026-03-11 05:00,B01,12.937454011884737,77.59507143064098,55,120,Commercial
2026-03-11 06:00,B01,12.937454011884737,77.59507143064098,59,120,Commercial
2026-03-11 07:00,B01,12.937454011884737,77.59507143064098,63,120,Commercial
2026-03-11 08:00,B01,12.937454011884737,77.59507143064098,69,120,Commercial
2026-03-11 09:00,B01,12.937454011884737,77.59507143064098,74,120,Commercial
2026-03-11 10:00,B01,12.937454011884737,77.59507143064098,85,120,Commercial
2026-03-11 11:00,B01,12.937454011884737,77.59507143064098,96,120,Commercial
2026-03-11 12:00,B01,12.937454011884737,77.59507143064098,21,120,Commercial
2026-03-11 13:00,B01,12.937454011884737,77.59507143064098,28,120,Commercial
2026-03-11 14:00,B01,12.937454011884737,77.59507143064098,40,120,Commercial
2026-03-11 15:00,B01,12.937454011884737,77.59507143064098,50,120,Commercial
2026-03-11 16:00,B01,12.937454011884737,77.59507143064098,57,120,Commercial
2026-03-11 17:00,B01,12.937454011884737,77.59507143064098,62,120,Commercial
2026-03-11 18:00,B01,12.937454011884737,77.59507143064098,69,120,Commercial
2026-03-11 19:00,B01,12.937454011884737,77.59507143064098,70,120,Commercial
2026-03-11 20:00,B01,12.937454011884737,77.59507143064098,73,120,Commercial
2026-03-11 21:00,B01,12.937454011884737,77.59507143064098,75,120,Commercial
2026-03-11 22:00,B01,12.937454011884737,77.59507143064098,78,120,Commercial
2026-03-11 23:00,B01,12.937454011884737,77.59507143064098,79,120,Commercial
2026-03-12 00:00,B01,12.937454011884737,77.59507143064098,80,120,Commercial
2026-03-12 01:00,B01,12.937454011884737,77.59507143064098,82,120,Commercial
2026-03-12 02:00,B01,12.937454011884737,77.59507143064098,85,120,Commercial
2026-03-12 03:00,B01,12.937454011884737,77.59507143064098,88,120,Commercial
2026-03-12 04:00,B01,12.937454011884737,77.59507143064098,90,120,Commercial
2026-03-12 05:00,B01,12.937454011884737,77.59507143064098,93,120,Commercial
2026-03-10 06:00,B02,12.959865848419703,77.51560186404424,16,120,Residential
2026-03-10 07:00,B02,12.959865848419703,77.51560186404424,18,120,Residential
2026-03-10 08:00,B02,12.959865848419703,77.51560186404424,20,120,Residential
2026-03-10 09:00,B02,12.959865848419703,77.51560186404424,24,120,Residential
2026-03-10 10:00,B02,12.959865848419703,77.51560186404424,29,120,Residential
2026-03-10 11:00,B02,12.959865848419703,77.51560186404424,32,120,Residential
2026-03-10 12:00,B02,12.959865848419703,77.51560186404424,33,120,Residential
2026-03-10 13:00,B02,12.959865848419703,77.51560186404424,37,120,Residential
2026-03-10 14:00,B02,12.959865848419703,77.51560186404424,42,120,Residential
2026-03-10 15:00,B02,12.959865848419703,77.51560186404424,46,120,Residential
2026-03-10 16:00,B02,12.959865848419703,77.51560186404424,51,120,Residential
2026-03-10 17:00,B02,12.959865848419703,77.51560186404424,56,120,Residential
2026-03-10 18:00,B02,12.959865848419703,77.51560186404424,67,120,Residential
2026-03-10 19:00,B02,12.959865848419703,77.51560186404424,74,120,Residential
2026-03-10 20:00,B02,12.959865848419703,77.51560186404424,83,120,Residential
2026-03-10 21:00,B02,12.959865848419703,77.51560186404424,91,120,Residential
2026-03-10 22:00,B02,12.959865848419703,77.51560186404424,100,120,Residential
2026-03-10 23:00,B02,12.959865848419703,77.51560186404424,18,120,Residential
2026-03-11 00:00,B02,12.959865848419703,77.51560186404424,21,120,Residential
2026-03-11 01:00,B02,12.959865848419703,77.51560186404424,25,120,Residential
2026-03-11 02:00,B02,12.959865848419703,77.51560186404424,27,120,Residential
2026-03-11 03:00,B02,12.959865848419703,77.51560186404424,29,120,Residential
2026-03-11 04:00,B02,12.959865848419703,77.51560186404424,34,120,Residential
2026-03-11 05:00,B02,12.959865848419703,77.51560186404424,35,120,Residential
2026-03-11 06:00,B02,12.959865848419703,77.51560186404424,40,120,Residential
2026-03-11 07:00,B02,12.959865848419703,77.51560186404424,44,120,Residential
2026-03-11 08:00,B02,12.959865848419703,77.51560186404424,48,120,Residential
2026-03-11 09:00,B02,12.959865848419703,77.51560186404424,52,120,Residential
2026-03-11 10:00,B02,12.959865848419703,77.51560186404424,56,120,Residential
2026-03-11 11:00,B02,12.959865848419703,77.51560186404424,60,120,Residential
2026-03-11 12:00,B02,12.959865848419703,77.51560186404424,63,120,Residential
2026-03-11 13:00,B02,12.959865848419703,77.51560186404424,65,120,Residential
2026-03-11 14:00,B02,12.959865848419703,77.51560186404424,69,120,Residential
2026-03-11 15:00,B02,12.959865848419703,77.51560186404424,70,120,Residential
2026-03-11 16:00,B02,12.959865848419703,77.51560186404424,71,120,Residential
2026-03-11 17:00,B02,12.959865848419703,77.51560186404424,72,120,Residential
2026-03-11 18:00,B02,12.959865848419703,77.51560186404424,77,120,Residential
2026-03-11 19:00,B02,12.959865848419703,77.51560186404424,84,120,Residential
2026-03-11 20:00,B02,12.959865848419703,77.51560186404424,94,120,Residential
2026-03-11 21:00,B02,12.959865848419703,77.51560186404424,99,120,Residential
2026-03-11 22:00,B02,12.959865848419703,77.51560186404424,17,120,Residential
2026-03-11 23:00,B02,12.959865848419703,77.51560186404424,22,120,Residential
2026-03-12 00:00,B02,12.959865848419703,77.51560186404424,25,120,Residential
2026-03-12 01:00,B02,12.959865848419703,77.51560186404424,28,120,Residential
2026-03-12 02:00,B02,12.959865848419703,77.51560186404424,29,120,Residential
2026-03-12 03:00,B02,12.959865848419703,77.51560186404424,34,120,Residential
2026-03-12 04:00,B02,12.959865848419703,77.51560186404424,35,120,Residential
2026-03-12 05:00,B02,12.959865848419703,77.51560186404424,38,120,Residential
2026-03-10 06:00,B03,12.90580836121682,77.58661761457749,18,120,Commercial
2026-03-10 07:00,B03,12.90580836121682,77.58661761457749,22,120,Commercial
2026-03-10 08:00,B03,12.90580836121682,77.58661761457749,32,120,Commercial
2026-03-10 09:00,B03,12.90580836121682,77.58661761457749,44,120,Commercial
2026-03-10 10:00,B03,12.90580836121682,77.58661761457749,57,120,Commercial
2026-03-10 11:00,B03,12.90580836121682,77.58661761457749,65,120,Commercial
2026-03-10 12:00,B03,12.90580836121682,77.58661761457749,70,120,Commercial
2026-03-10 13:00,B03,12.90580836121682,77.58661761457749,75,120,Commercial
2026-03-10 14:00,B03,12.90580836121682,77.58661761457749,89,120,Commercial
2026-03-10 15:00,B03,12.90580836121682,77.58661761457749,97,120,Commercial
2026-03-10 16:00,B03,12.90580836121682,77.58661761457749,17,120,Commercial
2026-03-10 17:00,B03,12.90580836121682,77.58661761457749,24,120,Commercial
2026-03-10 18:00,B03,12.90580836121682,77.58661761457749,29,120,Commercial
2026-03-10 19:00,B03,12.90580836121682,77.58661761457749,30,120,Commercial
2026-03-10 20:00,B03,12.90580836121682,77.58661761457749,31,120,Commercial
2026-03-10 21:00,B03,12.90580836121682,77.58661761457749,35,120,Commercial
2026-03-10 22:00,B03,12.90580836121682,77.58661761457749,36,120,Commercial
2026-03-10 23:00,B03,12.90580836121682,77.58661761457749,39,120,Commercial
2026-03-11 00:00,B03,12.90580836121682,77.58661761457749,40,120,Commercial
2026-03-11 01:00,B03,12.90580836121682,77.58661761457749,42,120,Commercial
2026-03-11 02:00,B03,12.90580836121682,77.58661761457749,44,120,Commercial
2026-03-11 03:00,B03,12.90580836121682,77.58661761457749,48,120,Commercial
2026-03-11 04:00,B03,12.90580836121682,77.58661761457749,50,120,Commercial
2026-03-11 05:00,B03,12.90580836121682,77.58661761457749,53,120,Commercial
2026-03-11 06:00,B03,12.90580836121682,77.58661761457749,54,120,Commercial
2026-03-11 07:00,B03,12.90580836121682,77.58661761457749,58,120,Commercial
2026-03-11 08:00,B03,12.90580836121682,77.58661761457749,63,120,Commercial
2026-03-11 09:00,B03,12.90580836121682,77.58661761457749,68,120,Commercial
2026-03-11 10:00,B03,12.90580836121682,77.58661761457749,75,120,Commercial
2026-03-11 11:00,B03,12.90580836121682,77.58661761457749,81,120,Commercial
2026-03-11 12:00,B03,12.90580836121682,77.58661761457749,90,120,Commercial
2026-03-11 13:00,B03,12.90580836121682,77.58661761457749,100,120,Commercial
2026-03-11 14:00,B03,12.90580836121682,77.58661761457749,21,120,Commercial
2026-03-11 15:00,B03,12.90580836121682,77.58661761457749,29,120,Commercial
2026-03-11 16:00,B03,12.90580836121682,77.58661761457749,40,120,Commercial
2026-03-11 17:00,B03,12.90580836121682,77.58661761457749,52,120,Commercial
2026-03-11 18:00,B03,12.90580836121682,77.58661761457749,57,120,Commercial
2026-03-11 19:00,B03,12.90580836121682,77.58661761457749,60,120,Commercial
2026-03-11 20:00,B03,12.90580836121682,77.58661761457749,62,120,Commercial
2026-03-11 21:00,B03,12.90580836121682,77.58661761457749,66,120,Commercial
2026-03-11 22:00,B03,12.90580836121682,77.58661761457749,67,120,Commercial
2026-03-11 23:00,B03,12.90580836121682,77.58661761457749,71,120,Commercial
2026-03-12 00:00,B03,12.90580836121682,77.58661761457749,73,120,Commercial
2026-03-12 01:00,B03,12.90580836121682,77.58661761457749,75,120,Commercial
2026-03-12 02:00,B03,12.90580836121682,77.58661761457749,77,120,Commercial
2026-03-12 03:00,B03,12.90580836121682,77.58661761457749,80,120,Commercial
2026-03-12 04:00,B03,12.90580836121682,77.58661761457749,83,120,Commercial
2026-03-12 05:00,B03,12.90580836121682,77.58661761457749,87,120,Commercial
2026-03-10 06:00,B04,12.90564115790271,77.57219987722668,6,100,Commercial
2026-03-10 07:00,B04,12.90564115790271,77.57219987722668,10,100,Commercial
2026-03-10 08:00,B04,12.90564115790271,77.57219987722668,20,100,Commercial
2026-03-10 09:00,B04,12.90564115790271,77.57219987722668,27,100,Commercial
2026-03-10 10:00,B04,12.90564115790271,77.57219987722668,35,100,Commercial
2026-03-10 11:00,B04,12.90564115790271,77.57219987722668,43,100,Commercial
2026-03-10 12:00,B04,12.90564115790271,77.57219987722668,50,100,Commercial
2026-03-10 13:00,B04,12.90564115790271,77.57219987722668,64,100,Commercial
2026-03-10 14:00,B04,12.90564115790271,77.57219987722668,71,100,Commercial
2026-03-10 15:00,B04,12.90564115790271,77.57219987722668,78,100,Commercial
2026-03-10 16:00,B04,12.90564115790271,77.57219987722668,86,100,Commercial
2026-03-10 17:00,B04,12.90564115790271,77.57219987722668,97,100,Commercial
2026-03-10 18:00,B04,12.90564115790271,77.57219987722668,21,100,Commercial
2026-03-10 19:00,B04,12.90564115790271,77.57219987722668,22,100,Commercial
2026-03-10 20:00,B04,12.90564115790271,77.57219987722668,26,100,Commercial
2026-03-10 21:00,B04,12.90564115790271,77.57219987722668,30,100,Commercial
2026-03-10 22:00,B04,12.90564115790271,77.57219987722668,33,100,Commercial
2026-03-10 23:00,B04,12.90564115790271,77.57219987722668,35,100,Commercial
2026-03-11 00:00,B04,12.90564115790271,77.57219987722668,39,100,Commercial
2026-03-11 01:00,B04,12.90564115790271,77.57219987722668,40,100,Commercial
2026-03-11 02:00,B04,12.90564115790271,77.57219987722668,43,100,Commercial
2026-03-11 03:00,B04,12.90564115790271,77.57219987722668,47,100,Commercial
2026-03-11 04:00,B04,12.90564115790271,77.57219987722668,48,100,Commercial
2026-03-11 05:00,B04,12.90564115790271,77.57219987722668,49,100,Commercial
2026-03-11 06:00,B04,12.90564115790271,77.57219987722668,51,100,Commercial
2026-03-11 07:00,B04,12.90564115790271,77.57219987722668,54,100,Commercial
2026-03-11 08:00,B04,12.90564115790271,77.57219987722668,68,100,Commercial
2026-03-11 09:00,B04,12.90564115790271,77.57219987722668,75,100,Commercial
2026-03-11 10:00,B04,12.90564115790271,77.57219987722668,86,100,Commercial
2026-03-11 11:00,B04,12.90564115790271,77.57219987722668,100,100,Commercial
2026-03-11 12:00,B04,12.90564115790271,77.57219987722668,21,100,Commercial
2026-03-11 13:00,B04,12.90564115790271,77.57219987722668,26,100,Commercial
2026-03-11 14:00,B04,12.90564115790271,77.57219987722668,32,100,Commercial
2026-03-11 15:00,B04,12.90564115790271,77.57219987722668,37,100,Commercial
2026-03-11 16:00,B04,12.90564115790271,77.57219987722668,46,100,Commercial
2026-03-11 17:00,B04,12.90564115790271,77.57219987722668,55,100,Commercial
2026-03-11 18:00,B04,12.90564115790271,77.57219987722668,66,100,Commercial
2026-03-11 19:00,B04,12.90564115790271,77.57219987722668,67,100,Commercial
2026-03-11 20:00,B04,12.90564115790271,77.57219987722668,68,100,Commercial
2026-03-11 21:00,B04,12.90564115790271,77.57219987722668,71,100,Commercial
2026-03-11 22:00,B04,12.90564115790271,77.57219987722668,74,100,Commercial
2026-03-11 23:00,B04,12.90564115790271,77.57219987722668,78,100,Commercial
2026-03-12 00:00,B04,12.90564115790271,77.57219987722668,82,100,Commercial
2026-03-12 01:00,B04,12.90564115790271,77.57219987722668,85,100,Commercial
2026-03-12 02:00,B04,12.90564115790271,77.57219987722668,89,100,Commercial
2026-03-12 03:00,B04,12.90564115790271,77.57219987722668,93,100,Commercial
2026-03-12 04:00,B04,12.90564115790271,77.57219987722668,95,100,Commercial
2026-03-12 05:00,B04,12.90564115790271,77.57219987722668,13,100,Commercial
2026-03-10 06:00,B05,12.900077876584103,77.59922115592911,16,80,Commercial
2026-03-10 07:00,B05,12.900077876584103,77.59922115592911,19,80,Commercial
2026-03-10 08:00,B05,12.900077876584103,77.59922115592911,24,80,Commercial
2026-03-10 09:00,B05,12.900077876584103,77.59922115592911,36,80,Commercial
2026-03-10 10:00,B05,12.900077876584103,77.59922115592911,44,80,Commercial
2026-03-10 11:00,B05,12.900077876584103,77.59922115592911,54,80,Commercial
2026-03-10 12:00,B05,12.900077876584103,77.59922115592911,66,80,Commercial
2026-03-10 13:00,B05,12.900077876584103,77.59922115592911,74,80,Commercial
2026-03-10 14:00,B05,12.900077876584103,77.59922115592911,81,80,Commercial
2026-03-10 15:00,B05,12.900077876584103,77.59922115592911,94,80,Commercial
2026-03-10 16:00,B05,12.900077876584103,77.59922115592911,100,80,Commercial
2026-03-10 17:00,B05,12.900077876584103,77.59922115592911,19,80,Commercial
2026-03-10 18:00,B05,12.900077876584103,77.59922115592911,25,80,Commercial
2026-03-10 19:00,B05,12.900077876584103,77.59922115592911,27,80,Commercial
2026-03-10 20:00,B05,12.900077876584103,77.59922115592911,29,80,Commercial
2026-03-10 21:00,B05,12.900077876584103,77.59922115592911,32,80,Commercial
2026-03-10 22:00,B05,12.900077876584103,77.59922115592911,36,80,Commercial
2026-03-10 23:00,B05,12.900077876584103,77.59922115592911,37,80,Commercial
2026-03-11 00:00,B05,12.900077876584103,77.59922115592911,38,80,Commercial
2026-03-11 01:00,B05,12.900077876584103,77.59922115592911,42,80,Commercial
2026-03-11 02:00,B05,12.900077876584103,77.59922115592911,43,80,Commercial
2026-03-11 03:00,B05,12.900077876584103,77.59922115592911,47,80,Commercial
2026-03-11 04:00,B05,12.900077876584103,77.59922115592911,48,80,Commercial
2026-03-11 05:00,B05,12.900077876584103,77.59922115592911,50,80,Commercial
2026-03-11 06:00,B05,12.900077876584103,77.59922115592911,51,80,Commercial
2026-03-11 07:00,B05,12.900077876584103,77.59922115592911,55,80,Commercial
2026-03-11 08:00,B05,12.900077876584103,77.59922115592911,63,80,Commercial
2026-03-11 09:00,B05,12.900077876584103,77.59922115592911,75,80,Commercial
2026-03-11 10:00,B05,12.900077876584103,77.59922115592911,87,80,Commercial
2026-03-11 11:00,B05,12.900077876584103,77.59922115592911,98,80,Commercial
2026-03-11 12:00,B05,12.900077876584103,77.59922115592911,12,80,Commercial
2026-03-11 13:00,B05,12.900077876584103,77.59922115592911,17,80,Commercial
2026-03-11 14:00,B05,12.900077876584103,77.59922115592911,24,80,Commercial
2026-03-11 15:00,B05,12.900077876584103,77.59922115592911,34,80,Commercial
2026-03-11 16:00,B05,12.900077876584103,77.59922115592911,45,80,Commercial
2026-03-11 17:00,B05,12.900077876584103,77.59922115592911,55,80,Commercial
2026-03-11 18:00,B05,12.900077876584103,77.59922115592911,65,80,Commercial
2026-03-11 19:00,B05,12.900077876584103,77.59922115592911,67,80,Commercial
2026-03-11 20:00,B05,12.900077876584103,77.59922115592911,68,80,Commercial
2026-03-11 21:00,B05,12.900077876584103,77.59922115592911,71,80,Commercial
2026-03-11 22:00,B05,12.900077876584103,77.59922115592911,73,80,Commercial
2026-03-11 23:00,B05,12.900077876584103,77.59922115592911,77,80,Commercial
2026-03-12 00:00,B05,12.900077876584103,77.59922115592911,80,80,Commercial
2026-03-12 01:00,B05,12.900077876584103,77.59922115592911,83,80,Commercial
2026-03-12 02:00,B05,12.900077876584103,77.59922115592911,85,80,Commercial
2026-03-12 03:00,B05,12.900077876584103,77.59922115592911,86,80,Commercial
2026-03-12 04:00,B05,12.900077876584103,77.59922115592911,88,80,Commercial
2026-03-12 05:00,B05,12.900077876584103,77.59922115592911,89,80,Commercial
2026-03-10 06:00,B06,12.96116531604883,77.50070663052198,17,80,Residential
2026-03-10 07:00,B06,12.96116531604883,77.50070663052198,22,80,Residential
2026-03-10 08:00,B06,12.96116531604883,77.50070663052198,26,80,Residential
2026-03-10 09:00,B06,12.96116531604883,77.50070663052198,31,80,Residential
2026-03-10 10:00,B06,12.96116531604883,77.50070663052198,34,80,Residential
2026-03-10 11:00,B06,12.96116531604883,77.50070663052198,38,80,Residential
2026-03-10 12:00,B06,12.96116531604883,77.50070663052198,41,80,Residential
2026-03-10 13:00,B06,12.96116531604883,77.50070663052198,42,80,Residential
2026-03-10 14:00,B06,12.96116531604883,77.50070663052198,43,80,Residential
2026-03-10 15:00,B06,12.96116531604883,77.50070663052198,47,80,Residential
2026-03-10 16:00,B06,12.96116531604883,77.50070663052198,51,80,Residential
2026-03-10 17:00,B06,12.96116531604883,77.50070663052198,56,80,Residential
2026-03-10 18:00,B06,12.96116531604883,77.50070663052198,66,80,Residential
2026-03-10 19:00,B06,12.96116531604883,77.50070663052198,75,80,Residential
2026-03-10 20:00,B06,12.96116531604883,77.50070663052198,85,80,Residential
2026-03-10 21:00,B06,12.96116531604883,77.50070663052198,92,80,Residential
2026-03-10 22:00,B06,12.96116531604883,77.50070663052198,100,80,Residential
2026-03-10 23:00,B06,12.96116531604883,77.50070663052198,22,80,Residential
2026-03-11 00:00,B06,12.96116531604883,77.50070663052198,27,80,Residential
2026-03-11 01:00,B06,12.96116531604883,77.50070663052198,28,80,Residential
2026-03-11 02:00,B06,12.96116531604883,77.50070663052198,33,80,Residential
2026-03-11 03:00,B06,12.96116531604883,77.50070663052198,36,80,Residential
2026-03-11 04:00,B06,12.96116531604883,77.50070663052198,40,80,Residential
2026-03-11 05:00,B06,12.96116531604883,77.50070663052198,41,80,Residential
2026-03-11 06:00,B06,12.96116531604883,77.50070663052198,45,80,Residential
2026-03-11 07:00,B06,12.96116531604883,77.50070663052198,50,80,Residential
2026-03-11 08:00,B06,12.96116531604883,77.50070663052198,55,80,Residential
2026-03-11 09:00,B06,12.96116531604883,77.50070663052198,56,80,Residential
2026-03-11 10:00,B06,12.96116531604883,77.50070663052198,59,80,Residential
2026-03-11 11:00,B06,12.96116531604883,77.50070663052198,61,80,Residential
2026-03-11 12:00,B06,12.96116531604883,77.50070663052198,62,80,Residential
2026-03-11 13:00,B06,12.96116531604883,77.50070663052198,64,80,Residential
2026-03-11 14:00,B06,12.96116531604883,77.50070663052198,66,80,Residential
2026-03-11 15:00,B06,12.96116531604883,77.50070663052198,69,80,Residential
2026-03-11 16:00,B06,12.96116531604883,77.50070663052198,71,80,Residential
2026-03-11 17:00,B06,12.96116531604883,77.50070663052198,73,80,Residential
2026-03-11 18:00,B06,12.96116531604883,77.50070663052198,84,80,Residential
2026-03-11 19:00,B06,12.96116531604883,77.50070663052198,91,80,Residential
2026-03-11 20:00,B06,12.96116531604883,77.50070663052198,97,80,Residential
2026-03-11 21:00,B06,12.96116531604883,77.50070663052198,12,80,Residential
2026-03-11 22:00,B06,12.96116531604883,77.50070663052198,17,80,Residential
2026-03-11 23:00,B06,12.96116531604883,77.50070663052198,22,80,Residential
2026-03-12 00:00,B06,12.96116531604883,77.50070663052198,23,80,Residential
2026-03-12 01:00,B06,12.96116531604883,77.50070663052198,26,80,Residential
2026-03-12 02:00,B06,12.96116531604883,77.50070663052198,31,80,Residential
2026-03-12 03:00,B06,12.96116531604883,77.50070663052198,33,80,Residential
2026-03-12 04:00,B06,12.96116531604883,77.50070663052198,35,80,Residential
2026-03-12 05:00,B06,12.96116531604883,77.50070663052198,38,80,Residential
2026-03-10 06:00,B07,12.95247746602584,77.53998609717152,7,120,Commercial
2026-03-10 07:00,B07,12.95247746602584,77.53998609717152,11,120,Commercial
2026-03-10 08:00,B07,12.95247746602584,77.53998609717152,25,120,Commercial
2026-03-10 09:00,B07,12.95247746602584,77.53998609717152,36,120,Commercial
2026-03-10 10:00,B07,12.95247746602584,77.53998609717152,49,120,Commercial
2026-03-10 11:00,B07,12.95247746602584,77.53998609717152,57,120,Commercial
2026-03-10 12:00,B07,12.95247746602584,77.53998609717152,65,120,Commercial
2026-03-10 13:00,B07,12.95247746602584,77.53998609717152,70,120,Commercial
2026-03-10 14:00,B07,12.95247746602584,77.53998609717152,82,120,Commercial
2026-03-10 15:00,B07,12.95247746602584,77.53998609717152,89,120,Commercial
2026-03-10 16:00,B07,12.95247746602584,77.53998609717152,100,120,Commercial
2026-03-10 17:00,B07,12.95247746602584,77.53998609717152,12,120,Commercial
2026-03-10 18:00,B07,12.95247746602584,77.53998609717152,23,120,Commercial
2026-03-10 19:00,B07,12.95247746602584,77.53998609717152,26,120,Commercial
2026-03-10 20:00,B07,12.95247746602584,77.53998609717152,28,120,Commercial
2026-03-10 21:00,B07,12.95247746602584,77.53998609717152,31,120,Commercial
2026-03-10 22:00,B07,12.95247746602584,77.53998609717152,32,120,Commercial
2026-03-10 23:00,B07,12.95247746602584,77.53998609717152,34,120,Commercial
2026-03-11 00:00,B07,12.95247746602584,77.53998609717152,37,120,Commercial
2026-03-11 01:00,B07,12.95247746602584,77.53998609717152,39,120,Commercial
2026-03-11 02:00,B07,12.95247746602584,77.53998609717152,40,120,Commercial
2026-03-11 03:00,B07,12.95247746602584,77.53998609717152,42,120,Commercial
2026-03-11 04:00,B07,12.95247746602584,77.53998609717152,44,120,Commercial
2026-03-11 05:00,B07,12.95247746602584,77.53998609717152,46,120,Commercial
2026-03-11 06:00,B07,12.95247746602584,77.53998609717152,48,120,Commercial
2026-03-11 07:00,B07,12.95247746602584,77.53998609717152,49,120,Commercial
2026-03-11 08:00,B07,12.95247746602584,77.53998609717152,57,120,Commercial
2026-03-11 09:00,B07,12.95247746602584,77.53998609717152,71,120,Commercial
2026-03-11 10:00,B07,12.95247746602584,77.53998609717152,81,120,Commercial
2026-03-11 11:00,B07,12.95247746602584,77.53998609717152,91,120,Commercial
2026-03-11 12:00,B07,12.95247746602584,77.53998609717152,100,120,Commercial
2026-03-11 13:00,B07,12.95247746602584,77.53998609717152,17,120,Commercial
2026-03-11 14:00,B07,12.95247746602584,77.53998609717152,26,120,Commercial
2026-03-11 15:00,B07,12.95247746602584,77.53998609717152,35,120,Commercial
2026-03-11 16:00,B07,12.95247746602584,77.53998609717152,46,120,Commercial
2026-03-11 17:00,B07,12.95247746602584,77.53998609717152,54,120,Commercial
2026-03-11 18:00,B07,12.95247746602584,77.53998609717152,64,120,Commercial
2026-03-11 19:00,B07,12.95247746602584,77.53998609717152,65,120,Commercial
2026-03-11 20:00,B07,12.95247746602584,77.53998609717152,69,120,Commercial
2026-03-11 21:00,B07,12.95247746602584,77.53998609717152,73,120,Commercial
2026-03-11 22:00,B07,12.95247746602584,77.53998609717152,75,120,Commercial
2026-03-11 23:00,B07,12.95247746602584,77.53998609717152,78,120,Commercial
2026-03-12 00:00,B07,12.95247746602584,77.53998609717152,81,120,Commercial
2026-03-12 01:00,B07,12.95247746602584,77.53998609717152,84,120,Commercial
2026-03-12 02:00,B07,12.95247746602584,77.53998609717152,88,120,Commercial
2026-03-12 03:00,B07,12.95247746602584,77.53998609717152,92,120,Commercial
2026-03-12 04:00,B07,12.95247746602584,77.53998609717152,96,120,Commercial
2026-03-12 05:00,B07,12.95247746602584,77.53998609717152,10,120,Commercial
2026-03-10 06:00,B08,12.909060643453282,77.56183860093331,16,120,Commercial
2026-03-10 07:00,B08,12.909060643453282,77.56183860093331,19,120,Commercial
2026-03-10 08:00,B08,12.909060643453282,77.56183860093331,24,120,Commercial
2026-03-10 09:00,B08,12.909060643453282,77.56183860093331,36,120,Commercial
2026-03-10 10:00,B08,12.909060643453282,77.56183860093331,43,120,Commercial
2026-03-10 11:00,B08,12.909060643453282,77.56183860093331,57,120,Commercial
2026-03-10 12:00,B08,12.909060643453282,77.56183860093331,68,120,Commercial
2026-03-10 13:00,B08,12.909060643453282,77.56183860093331,82,120,Commercial
2026-03-10 14:00,B08,12.909060643453282,77.56183860093331,91,120,Commercial
2026-03-10 15:00,B08,12.909060643453282,77.56183860093331,100,120,Commercial
2026-03-10 16:00,B08,12.909060643453282,77.56183860093331,20,120,Commercial
2026-03-10 17:00,B08,12.909060643453282,77.56183860093331,33,120,Commercial
2026-03-10 18:00,B08,12.909060643453282,77.56183860093331,42,120,Commercial
2026-03-10 19:00,B08,12.909060643453282,77.56183860093331,43,120,Commercial
2026-03-10 20:00,B08,12.909060643453282,77.56183860093331,45,120,Commercial
2026-03-10 21:00,B08,12.909060643453282,77.56183860093331,47,120,Commercial
2026-03-10 22:00,B08,12.909060643453282,77.56183860093331,48,120,Commercial
2026-03-10 23:00,B08,12.909060643453282,77.56183860093331,51,120,Commercial
2026-03-11 00:00,B08,12.909060643453282,77.56183860093331,53,120,Commercial
2026-03-11 01:00,B08,12.909060643453282,77.56183860093331,57,120,Commercial
2026-03-11 02:00,B08,12.909060643453282,77.56183860093331,59,120,Commercial
2026-03-11 03:00,B08,12.909060643453282,77.56183860093331,61,120,Commercial
2026-03-11 04:00,B08,12.909060643453282,77.56183860093331,65,120,Commercial
2026-03-11 05:00,B08,12.909060643453282,77.56183860093331,66,120,Commercial
2026-03-11 06:00,B08,12.909060643453282,77.56183860093331,70,120,Commercial
2026-03-11 07:00,B08,12.909060643453282,77.56183860093331,71,120,Commercial
2026-03-11 08:00,B08,12.909060643453282,77.56183860093331,80,120,Commercial
2026-03-11 09:00,B08,12.909060643453282,77.56183860093331,85,120,Commercial
2026-03-11 10:00,B08,12.909060643453282,77.56183860093331,96,120,Commercial
2026-03-11 11:00,B08,12.909060643453282,77.56183860093331,19,120,Commercial
2026-03-11 12:00,B08,12.909060643453282,77.56183860093331,30,120,Commercial
2026-03-11 13:00,B08,12.909060643453282,77.56183860093331,37,120,Commercial
2026-03-11 14:00,B08,12.909060643453282,77.56183860093331,51,120,Commercial
2026-03-11 15:00,B08,12.909060643453282,77.56183860093331,58,120,Commercial
2026-03-11 16:00,B08,12.909060643453282,77.56183860093331,67,120,Commercial
2026-03-11 17:00,B08,12.909060643453282,77.56183860093331,77,120,Commercial
2026-03-11 18:00,B08,12.909060643453282,77.56183860093331,90,120,Commercial
2026-03-11 19:00,B08,12.909060643453282,77.56183860093331,91,120,Commercial
2026-03-11 20:00,B08,12.909060643453282,77.56183860093331,93,120,Commercial
2026-03-11 21:00,B08,12.909060643453282,77.56183860093331,97,120,Commercial
2026-03-11 22:00,B08,12.909060643453282,77.56183860093331,12,120,Commercial
2026-03-11 23:00,B08,12.909060643453282,77.56183860093331,13,120,Commercial
2026-03-12 00:00,B08,12.909060643453282,77.56183860093331,15,120,Commercial
2026-03-12 01:00,B08,12.909060643453282,77.56183860093331,17,120,Commercial
2026-03-12 02:00,B08,12.909060643453282,77.56183860093331,19,120,Commercial
2026-03-12 03:00,B08,12.909060643453282,77.56183860093331,23,120,Commercial
2026-03-12 04:00,B08,12.909060643453282,77.56183860093331,24,120,Commercial
2026-03-12 05:00,B08,12.909060643453282,77.56183860093331,28,120,Commercial
2026-03-10 06:00,B09,12.959241456886204,77.504645041272,16,120,Residential
2026-03-10 07:00,B09,12.959241456886204,77.504645041272,21,120,Residential
2026-03-10 08:00,B09,12.959241456886204,77.504645041272,25,120,Residential
2026-03-10 09:00,B09,12.959241456886204,77.504645041272,26,120,Residential
2026-03-10 10:00,B09,12.959241456886204,77.504645041272,31,120,Residential
2026-03-10 11:00,B09,12.959241456886204,77.504645041272,33,120,Residential
2026-03-10 12:00,B09,12.959241456886204,77.504645041272,35,120,Residential
2026-03-10 13:00,B09,12.959241456886204,77.504645041272,40,120,Residential
2026-03-10 14:00,B09,12.959241456886204,77.504645041272,44,120,Residential
2026-03-10 15:00,B09,12.959241456886204,77.504645041272,46,120,Residential
2026-03-10 16:00,B09,12.959241456886204,77.504645041272,50,120,Residential
2026-03-10 17:00,B09,12.959241456886204,77.504645041272,52,120,Residential
2026-03-10 18:00,B09,12.959241456886204,77.504645041272,58,120,Residential
2026-03-10 19:00,B09,12.959241456886204,77.504645041272,65,120,Residential
2026-03-10 20:00,B09,12.959241456886204,77.504645041272,71,120,Residential
2026-03-10 21:00,B09,12.959241456886204,77.504645041272,76,120,Residential
2026-03-10 22:00,B09,12.959241456886204,77.504645041272,85,120,Residential
2026-03-10 23:00,B09,12.959241456886204,77.504645041272,94,120,Residential
2026-03-11 00:00,B09,12.959241456886204,77.504645041272,98,120,Residential
2026-03-11 01:00,B09,12.959241456886204,77.504645041272,14,120,Residential
2026-03-11 02:00,B09,12.959241456886204,77.504645041272,15,120,Residential
2026-03-11 03:00,B09,12.959241456886204,77.504645041272,19,120,Residential
2026-03-11 04:00,B09,12.959241456886204,77.504645041272,22,120,Residential
2026-03-11 05:00,B09,12.959241456886204,77.504645041272,26,120,Residential
2026-03-11 06:00,B09,12.959241456886204,77.504645041272,30,120,Residential
2026-03-11 07:00,B09,12.959241456886204,77.504645041272,32,120,Residential
2026-03-11 08:00,B09,12.959241456886204,77.504645041272,35,120,Residential
2026-03-11 09:00,B09,12.959241456886204,77.504645041272,39,120,Residential
2026-03-11 10:00,B09,12.959241456886204,77.504645041272,40,120,Residential
2026-03-11 11:00,B09,12.959241456886204,77.504645041272,41,120,Residential
2026-03-11 12:00,B09,12.959241456886204,77.504645041272,46,120,Residential
2026-03-11 13:00,B09,12.959241456886204,77.504645041272,49,120,Residential
2026-03-11 14:00,B09,12.959241456886204,77.504645041272,52,120,Residential
2026-03-11 15:00,B09,12.959241456886204,77.504645041272,57,120,Residential
2026-03-11 16:00,B09,12.959241456886204,77.504645041272,61,120,Residential
2026-03-11 17:00,B09,12.959241456886204,77.504645041272,64,120,Residential
2026-03-11 18:00,B09,12.959241456886204,77.504645041272,69,120,Residential
2026-03-11 19:00,B09,12.959241456886204,77.504645041272,74,120,Residential
2026-03-11 20:00,B09,12.959241456886204,77.504645041272,80,120,Residential
2026-03-11 21:00,B09,12.959241456886204,77.504645041272,87,120,Residential
2026-03-11 22:00,B09,12.959241456886204,77.504645041272,95,120,Residential
2026-03-11 23:00,B09,12.959241456886204,77.504645041272,15,120,Residential
2026-03-12 00:00,B09,12.959241456886204,77.504645041272,18,120,Residential
2026-03-12 01:00,B09,12.959241456886204,77.504645041272,20,120,Residential
2026-03-12 02:00,B09,12.959241456886204,77.504645041272,23,120,Residential
2026-03-12 03:00,B09,12.959241456886204,77.504645041272,24,120,Residential
2026-03-12 04:00,B09,12.959241456886204,77.504645041272,26,120,Residential
2026-03-12 05:00,B09,12.959241456886204,77.504645041272,31,120,Residential
2026-03-10 06:00,B10,12.91705241236873,77.50650515929853,16,80,Commercial
2026-03-10 07:00,B10,12.91705241236873,77.50650515929853,18,80,Commercial
2026-03-10 08:00,B10,12.91705241236873,77.50650515929853,24,80,Commercial
2026-03-10 09:00,B10,12.91705241236873,77.50650515929853,31,80,Commercial
2026-03-10 10:00,B10,12.91705241236873,77.50650515929853,44,80,Commercial
2026-03-10 11:00,B10,12.91705241236873,77.50650515929853,55,80,Commercial
2026-03-10 12:00,B10,12.91705241236873,77.50650515929853,63,80,Commercial
2026-03-10 13:00,B10,12.91705241236873,77.50650515929853,77,80,Commercial
2026-03-10 14:00,B10,12.91705241236873,77.50650515929853,86,80,Commercial
2026-03-10 15:00,B10,12.91705241236873,77.50650515929853,92,80,Commercial
2026-03-10 16:00,B10,12.91705241236873,77.50650515929853,100,80,Commercial
2026-03-10 17:00,B10,12.91705241236873,77.50650515929853,21,80,Commercial
2026-03-10 18:00,B10,12.91705241236873,77.50650515929853,30,80,Commercial
2026-03-10 19:00,B10,12.91705241236873,77.50650515929853,31,80,Commercial
2026-03-10 20:00,B10,12.91705241236873,77.50650515929853,32,80,Commercial
2026-03-10 21:00,B10,12.91705241236873,77.50650515929853,36,80,Commercial
2026-03-10 22:00,B10,12.91705241236873,77.50650515929853,38,80,Commercial
2026-03-10 23:00,B10,12.91705241236873,77.50650515929853,39,80,Commercial
2026-03-11 00:00,B10,12.91705241236873,77.50650515929853,40,80,Commercial
2026-03-11 01:00,B10,12.91705241236873,77.50650515929853,44,80,Commercial
2026-03-11 02:00,B10,12.91705241236873,77.50650515929853,48,80,Commercial
2026-03-11 03:00,B10,12.91705241236873,77.50650515929853,51,80,Commercial
2026-03-11 04:00,B10,12.91705241236873,77.50650515929853,52,80,Commercial
2026-03-11 05:00,B10,12.91705241236873,77.50650515929853,55,80,Commercial
2026-03-11 06:00,B10,12.91705241236873,77.50650515929853,59,80,Commercial
2026-03-11 07:00,B10,12.91705241236873,77.50650515929853,63,80,Commercial
2026-03-11 08:00,B10,12.91705241236873,77.50650515929853,69,80,Commercial
2026-03-11 09:00,B10,12.91705241236873,77.50650515929853,74,80,Commercial
2026-03-11 10:00,B10,12.91705241236873,77.50650515929853,85,80,Commercial
2026-03-11 11:00,B10,12.91705241236873,77.50650515929853,97,80,Commercial
2026-03-11 12:00,B10,12.91705241236873,77.50650515929853,20,80,Commercial
2026-03-11 13:00,B10,12.91705241236873,77.50650515929853,25,80,Commercial
2026-03-11 14:00,B10,12.91705241236873,77.50650515929853,36,80,Commercial
2026-03-11 15:00,B10,12.91705241236873,77.50650515929853,47,80,Commercial
2026-03-11 16:00,B10,12.91705241236873,77.50650515929853,60,80,Commercial
2026-03-11 17:00,B10,12.91705241236873,77.50650515929853,67,80,Commercial
2026-03-11 18:00,B10,12.91705241236873,77.50650515929853,80,80,Commercial
2026-03-11 19:00,B10,12.91705241236873,77.50650515929853,82,80,Commercial
2026-03-11 20:00,B10,12.91705241236873,77.50650515929853,83,80,Commercial
2026-03-11 21:00,B10,12.91705241236873,77.50650515929853,84,80,Commercial
2026-03-11 22:00,B10,12.91705241236873,77.50650515929853,86,80,Commercial
2026-03-11 23:00,B10,12.91705241236873,77.50650515929853,90,80,Commercial
2026-03-12 00:00,B10,12.91705241236873,77.50650515929853,94,80,Commercial
2026-03-12 01:00,B10,12.91705241236873,77.50650515929853,95,80,Commercial
2026-03-12 02:00,B10,12.91705241236873,77.50650515929853,11,80,Commercial
2026-03-12 03:00,B10,12.91705241236873,77.50650515929853,14,80,Commercial
2026-03-12 04:00,B10,12.91705241236873,77.50650515929853,17,80,Commercial
2026-03-12 05:00,B10,12.91705241236873,77.50650515929853,18,80,Commercial
2026-03-10 06:00,B11,12.956328821784554,77.53854165025399,12,100,Residential
2026-03-10 07:00,B11,12.956328821784554,77.53854165025399,17,100,Residential
2026-03-10 08:00,B11,12.956328821784554,77.53854165025399,18,100,Residential
2026-03-10 09:00,B11,12.956328821784554,77.53854165025399,21,100,Residential
2026-03-10 10:00,B11,12.956328821784554,77.53854165025399,25,100,Residential
2026-03-10 11:00,B11,12.956328821784554,77.53854165025399,26,100,Residential
2026-03-10 12:00,B11,12.956328821784554,77.53854165025399,30,100,Residential
2026-03-10 13:00,B11,12.956328821784554,77.53854165025399,34,100,Residential
2026-03-10 14:00,B11,12.956328821784554,77.53854165025399,37,100,Residential
2026-03-10 15:00,B11,12.956328821784554,77.53854165025399,39,100,Residential
2026-03-10 16:00,B11,12.956328821784554,77.53854165025399,44,100,Residential
2026-03-10 17:00,B11,12.956328821784554,77.53854165025399,49,100,Residential
2026-03-10 18:00,B11,12.956328821784554,77.53854165025399,56,100,Residential
2026-03-10 19:00,B11,12.956328821784554,77.53854165025399,64,100,Residential
2026-03-10 20:00,B11,12.956328821784554,77.53854165025399,69,100,Residential
2026-03-10 21:00,B11,12.956328821784554,77.53854165025399,77,100,Residential
2026-03-10 22:00,B11,12.956328821784554,77.53854165025399,84,100,Residential
2026-03-10 23:00,B11,12.956328821784554,77.53854165025399,93,100,Residential
2026-03-11 00:00,B11,12.956328821784554,77.53854165025399,97,100,Residential
2026-03-11 01:00,B11,12.956328821784554,77.53854165025399,10,100,Residential
2026-03-11 02:00,B11,12.956328821784554,77.53854165025399,15,100,Residential
2026-03-11 03:00,B11,12.956328821784554,77.53854165025399,20,100,Residential
2026-03-11 04:00,B11,12.956328821784554,77.53854165025399,22,100,Residential
2026-03-11 05:00,B11,12.956328821784554,77.53854165025399,24,100,Residential
2026-03-11 06:00,B11,12.956328821784554,77.53854165025399,26,100,Residential
2026-03-11 07:00,B11,12.956328821784554,77.53854165025399,31,100,Residential
2026-03-11 08:00,B11,12.956328821784554,77.53854165025399,34,100,Residential
2026-03-11 09:00,B11,12.956328821784554,77.53854165025399,39,100,Residential
2026-03-11 10:00,B11,12.956328821784554,77.53854165025399,42,100,Residential
2026-03-11 11:00,B11,12.956328821784554,77.53854165025399,45,100,Residential
2026-03-11 12:00,B11,12.956328821784554,77.53854165025399,47,100,Residential
2026-03-11 13:00,B11,12.956328821784554,77.53854165025399,51,100,Residential
2026-03-11 14:00,B11,12.956328821784554,77.53854165025399,52,100,Residential
2026-03-11 15:00,B11,12.956328821784554,77.53854165025399,54,100,Residential
2026-03-11 16:00,B11,12.956328821784554,77.53854165025399,56,100,Residential
2026-03-11 17:00,B11,12.956328821784554,77.53854165025399,60,100,Residential
2026-03-11 18:00,B11,12.956328821784554,77.53854165025399,65,100,Residential
2026-03-11 19:00,B11,12.956328821784554,77.53854165025399,74,100,Residential
2026-03-11 20:00,B11,12.956328821784554,77.53854165025399,84,100,Residential
2026-03-11 21:00,B11,12.956328821784554,77.53854165025399,95,100,Residential
2026-03-11 22:00,B11,12.956328821784554,77.53854165025399,18,100,Residential
2026-03-11 23:00,B11,12.956328821784554,77.53854165025399,23,100,Residential
2026-03-12 00:00,B11,12.956328821784554,77.53854165025399,25,100,Residential
2026-03-12 01:00,B11,12.956328821784554,77.53854165025399,28,100,Residential
2026-03-12 02:00,B11,12.956328821784554,77.53854165025399,30,100,Residential
2026-03-12 03:00,B11,12.956328821784554,77.53854165025399,32,100,Residential
2026-03-12 04:00,B11,12.956328821784554,77.53854165025399,37,100,Residential
2026-03-12 05:00,B11,12.956328821784554,77.53854165025399,42,100,Residential
2026-03-10 06:00,B12,12.923089382562216,77.5241025466026,11,120,Commercial
2026-03-10 07:00,B12,12.923089382562216,77.5241025466026,14,120,Commercial
2026-03-10 08:00,B12,12.923089382562216,77.5241025466026,26,120,Commercial
2026-03-10 09:00,B12,12.923089382562216,77.5241025466026,31,120,Commercial
2026-03-10 10:00,B12,12.923089382562216,77.5241025466026,41,120,Commercial
2026-03-10 11:00,B12,12.923089382562216,77.5241025466026,49,120,Commercial
2026-03-10 12:00,B12,12.923089382562216,77.5241025466026,54,120,Commercial
2026-03-10 13:00,B12,12.923089382562216,77.5241025466026,65,120,Commercial
2026-03-10 14:00,B12,12.923089382562216,77.5241025466026,78,120,Commercial
2026-03-10 15:00,B12,12.923089382562216,77.5241025466026,86,120,Commercial
2026-03-10 16:00,B12,12.923089382562216,77.5241025466026,94,120,Commercial
2026-03-10 17:00,B12,12.923089382562216,77.5241025466026,100,120,Commercial
2026-03-10 18:00,B12,12.923089382562216,77.5241025466026,17,120,Commercial
2026-03-10 19:00,B12,12.923089382562216,77.5241025466026,20,120,Commercial
2026-03-10 20:00,B12,12.923089382562216,77.5241025466026,23,120,Commercial
2026-03-10 21:00,B12,12.923089382562216,77.5241025466026,25,120,Commercial
2026-03-10 22:00,B12,12.923089382562216,77.5241025466026,27,120,Commercial
2026-03-10 23:00,B12,12.923089382562216,77.5241025466026,30,120,Commercial
2026-03-11 00:00,B12,12.923089382562216,77.5241025466026,33,120,Commercial
2026-03-11 01:00,B12,12.923089382562216,77.5241025466026,35,120,Commercial
2026-03-11 02:00,B12,12.923089382562216,77.5241025466026,38,120,Commercial
2026-03-11 03:00,B12,12.923089382562216,77.5241025466026,39,120,Commercial
2026-03-11 04:00,B12,12.923089382562216,77.5241025466026,40,120,Commercial
2026-03-11 05:00,B12,12.923089382562216,77.5241025466026,42,120,Commercial
2026-03-11 06:00,B12,12.923089382562216,77.5241025466026,46,120,Commercial
2026-03-11 07:00,B12,12.923089382562216,77.5241025466026,48,120,Commercial
2026-03-11 08:00,B12,12.923089382562216,77.5241025466026,62,120,Commercial
2026-03-11 09:00,B12,12.923089382562216,77.5241025466026,70,120,Commercial
2026-03-11 10:00,B12,12.923089382562216,77.5241025466026,82,120,Commercial
2026-03-11 11:00,B12,12.923089382562216,77.5241025466026,95,120,Commercial
2026-03-11 12:00,B12,12.923089382562216,77.5241025466026,16,120,Commercial
2026-03-11 13:00,B12,12.923089382562216,77.5241025466026,23,120,Commercial
2026-03-11 14:00,B12,12.923089382562216,77.5241025466026,36,120,Commercial
2026-03-11 15:00,B12,12.923089382562216,77.5241025466026,41,120,Commercial
2026-03-11 16:00,B12,12.923089382562216,77.5241025466026,54,120,Commercial
2026-03-11 17:00,B12,12.923089382562216,77.5241025466026,66,120,Commercial
2026-03-11 18:00,B12,12.923089382562216,77.5241025466026,71,120,Commercial
2026-03-11 19:00,B12,12.923089382562216,77.5241025466026,73,120,Commercial
2026-03-11 20:00,B12,12.923089382562216,77.5241025466026,74,120,Commercial
2026-03-11 21:00,B12,12.923089382562216,77.5241025466026,76,120,Commercial
2026-03-11 22:00,B12,12.923089382562216,77.5241025466026,78,120,Commercial
2026-03-11 23:00,B12,12.923089382562216,77.5241025466026,82,120,Commercial
2026-03-12 00:00,B12,12.923089382562216,77.5241025466026,83,120,Commercial
2026-03-12 01:00,B12,12.923089382562216,77.5241025466026,87,120,Commercial
2026-03-12 02:00,B12,12.923089382562216,77.5241025466026,88,120,Commercial
2026-03-12 03:00,B12,12.923089382562216,77.5241025466026,89,120,Commercial
2026-03-12 04:00,B12,12.923089382562216,77.5241025466026,92,120,Commercial
2026-03-12 05:00,B12,12.923089382562216,77.5241025466026,93,120,Commercial
2026-03-10 06:00,B13,12.949517691011128,77.50343885211151,15,100,Residential
2026-03-10 07:00,B13,12.949517691011128,77.50343885211151,18,100,Residential
2026-03-10 08:00,B13,12.949517691011128,77.50343885211151,22,100,Residential
2026-03-10 09:00,B13,12.949517691011128,77.50343885211151,27,100,Residential
2026-03-10 10:00,B13,12.949517691011128,77.50343885211151,31,100,Residential
2026-03-10 11:00,B13,12.949517691011128,77.50343885211151,34,100,Residential
2026-03-10 12:00,B13,12.949517691011128,77.50343885211151,37,100,Residential
2026-03-10 13:00,B13,12.949517691011128,77.50343885211151,41,100,Residential
2026-03-10 14:00,B13,12.949517691011128,77.50343885211151,42,100,Residential
2026-03-10 15:00,B13,12.949517691011128,77.50343885211151,44,100,Residential
2026-03-10 16:00,B13,12.949517691011128,77.50343885211151,45,100,Residential
2026-03-10 17:00,B13,12.949517691011128,77.50343885211151,46,100,Residential
2026-03-10 18:00,B13,12.949517691011128,77.50343885211151,56,100,Residential
2026-03-10 19:00,B13,12.949517691011128,77.50343885211151,67,100,Residential
2026-03-10 20:00,B13,12.949517691011128,77.50343885211151,78,100,Residential
2026-03-10 21:00,B13,12.949517691011128,77.50343885211151,83,100,Residential
2026-03-10 22:00,B13,12.949517691011128,77.50343885211151,92,100,Residential
2026-03-10 23:00,B13,12.949517691011128,77.50343885211151,100,100,Residential
2026-03-11 00:00,B13,12.949517691011128,77.50343885211151,13,100,Residential
2026-03-11 01:00,B13,12.949517691011128,77.50343885211151,14,100,Residential
2026-03-11 02:00,B13,12.949517691011128,77.50343885211151,17,100,Residential
2026-03-11 03:00,B13,12.949517691011128,77.50343885211151,21,100,Residential
2026-03-11 04:00,B13,12.949517691011128,77.50343885211151,23,100,Residential
2026-03-11 05:00,B13,12.949517691011128,77.50343885211151,27,100,Residential
2026-03-11 06:00,B13,12.949517691011128,77.50343885211151,31,100,Residential
2026-03-11 07:00,B13,12.949517691011128,77.50343885211151,36,100,Residential
2026-03-11 08:00,B13,12.949517691011128,77.50343885211151,38,100,Residential
2026-03-11 09:00,B13,12.949517691011128,77.50343885211151,42,100,Residential
2026-03-11 10:00,B13,12.949517691011128,77.50343885211151,46,100,Residential
2026-03-11 11:00,B13,12.949517691011128,77.50343885211151,48,100,Residential
2026-03-11 12:00,B13,12.949517691011128,77.50343885211151,50,100,Residential
2026-03-11 13:00,B13,12.949517691011128,77.50343885211151,54,100,Residential
2026-03-11 14:00,B13,12.949517691011128,77.50343885211151,56,100,Residential
2026-03-11 15:00,B13,12.949517691011128,77.50343885211151,60,100,Residential
2026-03-11 16:00,B13,12.949517691011128,77.50343885211151,64,100,Residential
2026-03-11 17:00,B13,12.949517691011128,77.50343885211151,69,100,Residential
2026-03-11 18:00,B13,12.949517691011128,77.50343885211151,74,100,Residential
2026-03-11 19:00,B13,12.949517691011128,77.50343885211151,82,100,Residential
2026-03-11 20:00,B13,12.949517691011128,77.50343885211151,89,100,Residential
2026-03-11 21:00,B13,12.949517691011128,77.50343885211151,99,100,Residential
2026-03-11 22:00,B13,12.949517691011128,77.50343885211151,10,100,Residential
2026-03-11 23:00,B13,12.949517691011128,77.50343885211151,15,100,Residential
2026-03-12 00:00,B13,12.949517691011128,77.50343885211151,20,100,Residential
2026-03-12 01:00,B13,12.949517691011128,77.50343885211151,24,100,Residential
2026-03-12 02:00,B13,12.949517691011128,77.50343885211151,29,100,Residential
2026-03-12 03:00,B13,12.949517691011128,77.50343885211151,33,100,Residential
2026-03-12 04:00,B13,12.949517691011128,77.50343885211151,38,100,Residential
2026-03-12 05:00,B13,12.949517691011128,77.50343885211151,43,100,Residential
2026-03-10 06:00,B14,12.925877998160002,77.5662522284354,21,100,Commercial
2026-03-10 07:00,B14,12.925877998160002,77.5662522284354,22,100,Commercial
2026-03-10 08:00,B14,12.925877998160002,77.5662522284354,32,100,Commercial
2026-03-10 09:00,B14,12.925877998160002,77.5662522284354,38,100,Commercial
2026-03-10 10:00,B14,12.925877998160002,77.5662522284354,45,100,Commercial
2026-03-10 11:00,B14,12.925877998160002,77.5662522284354,54,100,Commercial
2026-03-10 12:00,B14,12.925877998160002,77.5662522284354,67,100,Commercial
2026-03-10 13:00,B14,12.925877998160002,77.5662522284354,73,100,Commercial
2026-03-10 14:00,B14,12.925877998160002,77.5662522284354,87,100,Commercial
2026-03-10 15:00,B14,12.925877998160002,77.5662522284354,99,100,Commercial
2026-03-10 16:00,B14,12.925877998160002,77.5662522284354,15,100,Commercial
2026-03-10 17:00,B14,12.925877998160002,77.5662522284354,26,100,Commercial
2026-03-10 18:00,B14,12.925877998160002,77.5662522284354,38,100,Commercial
2026-03-10 19:00,B14,12.925877998160002,77.5662522284354,39,100,Commercial
2026-03-10 20:00,B14,12.925877998160002,77.5662522284354,41,100,Commercial
2026-03-10 21:00,B14,12.925877998160002,77.5662522284354,42,100,Commercial
2026-03-10 22:00,B14,12.925877998160002,77.5662522284354,44,100,Commercial
2026-03-10 23:00,B14,12.925877998160002,77.5662522284354,48,100,Commercial
2026-03-11 00:00,B14,12.925877998160002,77.5662522284354,51,100,Commercial
2026-03-11 01:00,B14,12.925877998160002,77.5662522284354,52,100,Commercial
2026-03-11 02:00,B14,12.925877998160002,77.5662522284354,55,100,Commercial
2026-03-11 03:00,B14,12.925877998160002,77.5662522284354,56,100,Commercial
2026-03-11 04:00,B14,12.925877998160002,77.5662522284354,58,100,Commercial
2026-03-11 05:00,B14,12.925877998160002,77.5662522284354,61,100,Commercial
2026-03-11 06:00,B14,12.925877998160002,77.5662522284354,62,100,Commercial
2026-03-11 07:00,B14,12.925877998160002,77.5662522284354,64,100,Commercial
2026-03-11 08:00,B14,12.925877998160002,77.5662522284354,69,100,Commercial
2026-03-11 09:00,B14,12.925877998160002,77.5662522284354,74,100,Commercial
2026-03-11 10:00,B14,12.925877998160002,77.5662522284354,80,100,Commercial
2026-03-11 11:00,B14,12.925877998160002,77.5662522284354,93,100,Commercial
2026-03-11 12:00,B14,12.925877998160002,77.5662522284354,100,100,Commercial
2026-03-11 13:00,B14,12.925877998160002,77.5662522284354,14,100,Commercial
2026-03-11 14:00,B14,12.925877998160002,77.5662522284354,25,100,Commercial
2026-03-11 15:00,B14,12.925877998160002,77.5662522284354,35,100,Commercial
2026-03-11 16:00,B14,12.925877998160002,77.5662522284354,40,100,Commercial
2026-03-11 17:00,B14,12.925877998160002,77.5662522284354,49,100,Commercial
2026-03-11 18:00,B14,12.925877998160002,77.5662522284354,58,100,Commercial
2026-03-11 19:00,B14,12.925877998160002,77.5662522284354,60,100,Commercial
2026-03-11 20:00,B14,12.925877998160002,77.5662522284354,63,100,Commercial
2026-03-11 21:00,B14,12.925877998160002,77.5662522284354,64,100,Commercial
2026-03-11 22:00,B14,12.925877998160002,77.5662522284354,67,100,Commercial
2026-03-11 23:00,B14,12.925877998160002,77.5662522284354,68,100,Commercial
2026-03-12 00:00,B14,12.925877998160002,77.5662522284354,69,100,Commercial
2026-03-12 01:00,B14,12.925877998160002,77.5662522284354,70,100,Commercial
2026-03-12 02:00,B14,12.925877998160002,77.5662522284354,72,100,Commercial
2026-03-12 03:00,B14,12.925877998160002,77.5662522284354,74,100,Commercial
2026-03-12 04:00,B14,12.925877998160002,77.5662522284354,77,100,Commercial
2026-03-12 05:00,B14,12.925877998160002,77.5662522284354,78,100,Commercial
2026-03-10 06:00,B15,12.952006802117781,77.55467102793433,10,100,Residential
2026-03-10 07:00,B15,12.952006802117781,77.55467102793433,11,100,Residential
2026-03-10 08:00,B15,12.952006802117781,77.55467102793433,14,100,Residential
2026-03-10 09:00,B15,12.952006802117781,77.55467102793433,19,100,Residential
2026-03-10 10:00,B15,12.952006802117781,77.55467102793433,24,100,Residential
2026-03-10 11:00,B15,12.952006802117781,77.55467102793433,28,100,Residential
2026-03-10 12:00,B15,12.952006802117781,77.55467102793433,29,100,Residential
2026-03-10 13:00,B15,12.952006802117781,77.55467102793433,30,100,Residential
2026-03-10 14:00,B15,12.952006802117781,77.55467102793433,32,100,Residential
2026-03-10 15:00,B15,12.952006802117781,77.55467102793433,36,100,Residential
2026-03-10 16:00,B15,12.952006802117781,77.55467102793433,38,100,Residential
2026-03-10 17:00,B15,12.952006802117781,77.55467102793433,40,100,Residential
2026-03-10 18:00,B15,12.952006802117781,77.55467102793433,46,100,Residential
2026-03-10 19:00,B15,12.952006802117781,77.55467102793433,56,100,Residential
2026-03-10 20:00,B15,12.952006802117781,77.55467102793433,66,100,Residential
2026-03-10 21:00,B15,12.952006802117781,77.55467102793433,73,100,Residential
2026-03-10 22:00,B15,12.952006802117781,77.55467102793433,80,100,Residential
2026-03-10 23:00,B15,12.952006802117781,77.55467102793433,86,100,Residential
2026-03-11 00:00,B15,12.952006802117781,77.55467102793433,90,100,Residential
2026-03-11 01:00,B15,12.952006802117781,77.55467102793433,91,100,Residential
2026-03-11 02:00,B15,12.952006802117781,77.55467102793433,95,100,Residential
2026-03-11 03:00,B15,12.952006802117781,77.55467102793433,12,100,Residential
2026-03-11 04:00,B15,12.952006802117781,77.55467102793433,13,100,Residential
2026-03-11 05:00,B15,12.952006802117781,77.55467102793433,14,100,Residential
2026-03-11 06:00,B15,12.952006802117781,77.55467102793433,19,100,Residential
2026-03-11 07:00,B15,12.952006802117781,77.55467102793433,24,100,Residential
2026-03-11 08:00,B15,12.952006802117781,77.55467102793433,26,100,Residential
2026-03-11 09:00,B15,12.952006802117781,77.55467102793433,29,100,Residential
2026-03-11 10:00,B15,12.952006802117781,77.55467102793433,32,100,Residential
2026-03-11 11:00,B15,12.952006802117781,77.55467102793433,36,100,Residential
2026-03-11 12:00,B15,12.952006802117781,77.55467102793433,38,100,Residential
2026-03-11 13:00,B15,12.952006802117781,77.55467102793433,40,100,Residential
2026-03-11 14:00,B15,12.952006802117781,77.55467102793433,42,100,Residential
2026-03-11 15:00,B15,12.952006802117781,77.55467102793433,44,100,Residential
2026-03-11 16:00,B15,12.952006802117781,77.55467102793433,47,100,Residential
2026-03-11 17:00,B15,12.952006802117781,77.55467102793433,50,100,Residential
2026-03-11 18:00,B15,12.952006802117781,77.55467102793433,61,100,Residential
2026-03-11 19:00,B15,12.952006802117781,77.55467102793433,67,100,Residential
2026-03-11 20:00,B15,12.952006802117781,77.55467102793433,75,100,Residential
2026-03-11 21:00,B15,12.952006802117781,77.55467102793433,80,100,Residential
2026-03-11 22:00,B15,12.952006802117781,77.55467102793433,90,100,Residential
2026-03-11 23:00,B15,12.952006802117781,77.55467102793433,95,100,Residential
2026-03-12 00:00,B15,12.952006802117781,77.55467102793433,16,100,Residential
2026-03-12 01:00,B15,12.952006802117781,77.55467102793433,18,100,Residential
2026-03-12 02:00,B15,12.952006802117781,77.55467102793433,21,100,Residential
2026-03-12 03:00,B15,12.952006802117781,77.55467102793433,22,100,Residential
2026-03-12 04:00,B15,12.952006802117781,77.55467102793433,27,100,Residential
2026-03-12 05:00,B15,12.952006802117781,77.55467102793433,32,100,Residential
2026-03-10 06:00,B16,12.996958462776456,77.57751328233611,10,100,Commercial
2026-03-10 07:00,B16,12.996958462776456,77.57751328233611,14,100,Commercial
2026-03-10 08:00,B16,12.996958462776456,77.57751328233611,19,100,Commercial
2026-03-10 09:00,B16,12.996958462776456,77.57751328233611,33,100,Commercial
2026-03-10 10:00,B16,12.996958462776456,77.57751328233611,38,100,Commercial
2026-03-10 11:00,B16,12.996958462776456,77.57751328233611,46,100,Commercial
2026-03-10 12:00,B16,12.996958462776456,77.57751328233611,58,100,Commercial
2026-03-10 13:00,B16,12.996958462776456,77.57751328233611,67,100,Commercial
2026-03-10 14:00,B16,12.996958462776456,77.57751328233611,73,100,Commercial
2026-03-10 15:00,B16,12.996958462776456,77.57751328233611,83,100,Commercial
2026-03-10 16:00,B16,12.996958462776456,77.57751328233611,92,100,Commercial
2026-03-10 17:00,B16,12.996958462776456,77.57751328233611,98,100,Commercial
2026-03-10 18:00,B16,12.996958462776456,77.57751328233611,20,100,Commercial
2026-03-10 19:00,B16,12.996958462776456,77.57751328233611,23,100,Commercial
2026-03-10 20:00,B16,12.996958462776456,77.57751328233611,26,100,Commercial
2026-03-10 21:00,B16,12.996958462776456,77.57751328233611,30,100,Commercial
2026-03-10 22:00,B16,12.996958462776456,77.57751328233611,33,100,Commercial
2026-03-10 23:00,B16,12.996958462776456,77.57751328233611,36,100,Commercial
2026-03-11 00:00,B16,12.996958462776456,77.57751328233611,38,100,Commercial
2026-03-11 01:00,B16,12.996958462776456,77.57751328233611,42,100,Commercial
2026-03-11 02:00,B16,12.996958462776456,77.57751328233611,46,100,Commercial
2026-03-11 03:00,B16,12.996958462776456,77.57751328233611,50,100,Commercial
2026-03-11 04:00,B16,12.996958462776456,77.57751328233611,54,100,Commercial
2026-03-11 05:00,B16,12.996958462776456,77.57751328233611,58,100,Commercial
2026-03-11 06:00,B16,12.996958462776456,77.57751328233611,62,100,Commercial
2026-03-11 07:00,B16,12.996958462776456,77.57751328233611,63,100,Commercial
2026-03-11 08:00,B16,12.996958462776456,77.57751328233611,70,100,Commercial
2026-03-11 09:00,B16,12.996958462776456,77.57751328233611,77,100,Commercial
2026-03-11 10:00,B16,12.996958462776456,77.57751328233611,83,100,Commercial
2026-03-11 11:00,B16,12.996958462776456,77.57751328233611,97,100,Commercial
2026-03-11 12:00,B16,12.996958462776456,77.57751328233611,14,100,Commercial
2026-03-11 13:00,B16,12.996958462776456,77.57751328233611,23,100,Commercial
2026-03-11 14:00,B16,12.996958462776456,77.57751328233611,32,100,Commercial
2026-03-11 15:00,B16,12.996958462776456,77.57751328233611,38,100,Commercial
2026-03-11 16:00,B16,12.996958462776456,77.57751328233611,52,100,Commercial
2026-03-11 17:00,B16,12.996958462776456,77.57751328233611,62,100,Commercial
2026-03-11 18:00,B16,12.996958462776456,77.57751328233611,71,100,Commercial
2026-03-11 19:00,B16,12.996958462776456,77.57751328233611,73,100,Commercial
2026-03-11 20:00,B16,12.996958462776456,77.57751328233611,74,100,Commercial
2026-03-11 21:00,B16,12.996958462776456,77.57751328233611,75,100,Commercial
2026-03-11 22:00,B16,12.996958462776456,77.57751328233611,76,100,Commercial
2026-03-11 23:00,B16,12.996958462776456,77.57751328233611,80,100,Commercial
2026-03-12 00:00,B16,12.996958462776456,77.57751328233611,82,100,Commercial
2026-03-12 01:00,B16,12.996958462776456,77.57751328233611,84,100,Commercial
2026-03-12 02:00,B16,12.996958462776456,77.57751328233611,86,100,Commercial
2026-03-12 03:00,B16,12.996958462776456,77.57751328233611,87,100,Commercial
2026-03-12 04:00,B16,12.996958462776456,77.57751328233611,89,100,Commercial
2026-03-12 05:00,B16,12.996958462776456,77.57751328233611,91,100,Commercial
2026-03-10 06:00,B17,12.989482735042765,77.55978999788111,20,120,Commercial
2026-03-10 07:00,B17,12.989482735042765,77.55978999788111,21,120,Commercial
2026-03-10 08:00,B17,12.989482735042765,77.55978999788111,35,120,Commercial
2026-03-10 09:00,B17,12.989482735042765,77.55978999788111,48,120,Commercial
2026-03-10 10:00,B17,12.989482735042765,77.55978999788111,61,120,Commercial
2026-03-10 11:00,B17,12.989482735042765,77.55978999788111,71,120,Commercial
2026-03-10 12:00,B17,12.989482735042765,77.55978999788111,83,120,Commercial
2026-03-10 13:00,B17,12.989482735042765,77.55978999788111,88,120,Commercial
2026-03-10 14:00,B17,12.989482735042765,77.55978999788111,100,120,Commercial
2026-03-10 15:00,B17,12.989482735042765,77.55978999788111,13,120,Commercial
2026-03-10 16:00,B17,12.989482735042765,77.55978999788111,25,120,Commercial
2026-03-10 17:00,B17,12.989482735042765,77.55978999788111,30,120,Commercial
2026-03-10 18:00,B17,12.989482735042765,77.55978999788111,37,120,Commercial
2026-03-10 19:00,B17,12.989482735042765,77.55978999788111,38,120,Commercial
2026-03-10 20:00,B17,12.989482735042765,77.55978999788111,42,120,Commercial
2026-03-10 21:00,B17,12.989482735042765,77.55978999788111,45,120,Commercial
2026-03-10 22:00,B17,12.989482735042765,77.55978999788111,48,120,Commercial
2026-03-10 23:00,B17,12.989482735042765,77.55978999788111,51,120,Commercial
2026-03-11 00:00,B17,12.989482735042765,77.55978999788111,55,120,Commercial
2026-03-11 01:00,B17,12.989482735042765,77.55978999788111,57,120,Commercial
2026-03-11 02:00,B17,12.989482735042765,77.55978999788111,59,120,Commercial
2026-03-11 03:00,B17,12.989482735042765,77.55978999788111,61,120,Commercial
2026-03-11 04:00,B17,12.989482735042765,77.55978999788111,65,120,Commercial
2026-03-11 05:00,B17,12.989482735042765,77.55978999788111,68,120,Commercial
2026-03-11 06:00,B17,12.989482735042765,77.55978999788111,70,120,Commercial
2026-03-11 07:00,B17,12.989482735042765,77.55978999788111,74,120,Commercial
2026-03-11 08:00,B17,12.989482735042765,77.55978999788111,80,120,Commercial
2026-03-11 09:00,B17,12.989482735042765,77.55978999788111,94,120,Commercial
2026-03-11 10:00,B17,12.989482735042765,77.55978999788111,100,120,Commercial
2026-03-11 11:00,B17,12.989482735042765,77.55978999788111,18,120,Commercial
2026-03-11 12:00,B17,12.989482735042765,77.55978999788111,25,120,Commercial
2026-03-11 13:00,B17,12.989482735042765,77.55978999788111,36,120,Commercial
2026-03-11 14:00,B17,12.989482735042765,77.55978999788111,42,120,Commercial
2026-03-11 15:00,B17,12.989482735042765,77.55978999788111,56,120,Commercial
2026-03-11 16:00,B17,12.989482735042765,77.55978999788111,66,120,Commercial
2026-03-11 17:00,B17,12.989482735042765,77.55978999788111,73,120,Commercial
2026-03-11 18:00,B17,12.989482735042765,77.55978999788111,80,120,Commercial
2026-03-11 19:00,B17,12.989482735042765,77.55978999788111,83,120,Commercial
2026-03-11 20:00,B17,12.989482735042765,77.55978999788111,87,120,Commercial
2026-03-11 21:00,B17,12.989482735042765,77.55978999788111,88,120,Commercial
2026-03-11 22:00,B17,12.989482735042765,77.55978999788111,91,120,Commercial
2026-03-11 23:00,B17,12.989482735042765,77.55978999788111,92,120,Commercial
2026-03-12 00:00,B17,12.989482735042765,77.55978999788111,96,120,Commercial
2026-03-12 01:00,B17,12.989482735042765,77.55978999788111,17,120,Commercial
2026-03-12 02:00,B17,12.989482735042765,77.55978999788111,18,120,Commercial
2026-03-12 03:00,B17,12.989482735042765,77.55978999788111,19,120,Commercial
2026-03-12 04:00,B17,12.989482735042765,77.55978999788111,22,120,Commercial
2026-03-12 05:00,B17,12.989482735042765,77.55978999788111,24,120,Commercial
2026-03-10 06:00,B18,12.95704439744054,77.55208342600258,16,100,Commercial
2026-03-10 07:00,B18,12.95704439744054,77.55208342600258,20,100,Commercial
2026-03-10 08:00,B18,12.95704439744054,77.55208342600258,33,100,Commercial
2026-03-10 09:00,B18,12.95704439744054,77.55208342600258,38,100,Commercial
2026-03-10 10:00,B18,12.95704439744054,77.55208342600258,46,100,Commercial
2026-03-10 11:00,B18,12.95704439744054,77.55208342600258,59,100,Commercial
2026-03-10 12:00,B18,12.95704439744054,77.55208342600258,67,100,Commercial
2026-03-10 13:00,B18,12.95704439744054,77.55208342600258,81,100,Commercial
2026-03-10 14:00,B18,12.95704439744054,77.55208342600258,88,100,Commercial
2026-03-10 15:00,B18,12.95704439744054,77.55208342600258,100,100,Commercial
2026-03-10 16:00,B18,12.95704439744054,77.55208342600258,14,100,Commercial
2026-03-10 17:00,B18,12.95704439744054,77.55208342600258,24,100,Commercial
2026-03-10 18:00,B18,12.95704439744054,77.55208342600258,30,100,Commercial
2026-03-10 19:00,B18,12.95704439744054,77.55208342600258,33,100,Commercial
2026-03-10 20:00,B18,12.95704439744054,77.55208342600258,37,100,Commercial
2026-03-10 21:00,B18,12.95704439744054,77.55208342600258,41,100,Commercial
2026-03-10 22:00,B18,12.95704439744054,77.55208342600258,42,100,Commercial
2026-03-10 23:00,B18,12.95704439744054,77.55208342600258,46,100,Commercial
2026-03-11 00:00,B18,12.95704439744054,77.55208342600258,49,100,Commercial
2026-03-11 01:00,B18,12.95704439744054,77.55208342600258,51,100,Commercial
2026-03-11 02:00,B18,12.95704439744054,77.55208342600258,52,100,Commercial
2026-03-11 03:00,B18,12.95704439744054,77.55208342600258,53,100,Commercial
2026-03-11 04:00,B18,12.95704439744054,77.55208342600258,55,100,Commercial
2026-03-11 05:00,B18,12.95704439744054,77.55208342600258,59,100,Commercial
2026-03-11 06:00,B18,12.95704439744054,77.55208342600258,61,100,Commercial
2026-03-11 07:00,B18,12.95704439744054,77.55208342600258,65,100,Commercial
2026-03-11 08:00,B18,12.95704439744054,77.55208342600258,71,100,Commercial
2026-03-11 09:00,B18,12.95704439744054,77.55208342600258,83,100,Commercial
2026-03-11 10:00,B18,12.95704439744054,77.55208342600258,93,100,Commercial
2026-03-11 11:00,B18,12.95704439744054,77.55208342600258,100,100,Commercial
2026-03-11 12:00,B18,12.95704439744054,77.55208342600258,18,100,Commercial
2026-03-11 13:00,B18,12.95704439744054,77.55208342600258,27,100,Commercial
2026-03-11 14:00,B18,12.95704439744054,77.55208342600258,37,100,Commercial
2026-03-11 15:00,B18,12.95704439744054,77.55208342600258,46,100,Commercial
2026-03-11 16:00,B18,12.95704439744054,77.55208342600258,56,100,Commercial
2026-03-11 17:00,B18,12.95704439744054,77.55208342600258,66,100,Commercial
2026-03-11 18:00,B18,12.95704439744054,77.55208342600258,77,100,Commercial
2026-03-11 19:00,B18,12.95704439744054,77.55208342600258,81,100,Commercial
2026-03-11 20:00,B18,12.95704439744054,77.55208342600258,85,100,Commercial
2026-03-11 21:00,B18,12.95704439744054,77.55208342600258,87,100,Commercial
2026-03-11 22:00,B18,12.95704439744054,77.55208342600258,90,100,Commercial
2026-03-11 23:00,B18,12.95704439744054,77.55208342600258,92,100,Commercial
2026-03-12 00:00,B18,12.95704439744054,77.55208342600258,94,100,Commercial
2026-03-12 01:00,B18,12.95704439744054,77.55208342600258,96,100,Commercial
2026-03-12 02:00,B18,12.95704439744054,77.55208342600258,15,100,Commercial
2026-03-12 03:00,B18,12.95704439744054,77.55208342600258,16,100,Commercial
2026-03-12 04:00,B18,12.95704439744054,77.55208342600258,19,100,Commercial
2026-03-12 05:00,B18,12.95704439744054,77.55208342600258,22,100,Commercial
2026-03-10 06:00,B19,12.984453384867816,77.57473201101374,12,120,Residential
2026-03-10 07:00,B19,12.984453384867816,77.57473201101374,16,120,Residential
2026-03-10 08:00,B19,12.984453384867816,77.57473201101374,18,120,Residential
2026-03-10 09:00,B19,12.984453384867816,77.57473201101374,22,120,Residential
2026-03-10 10:00,B19,12.984453384867816,77.57473201101374,26,120,Residential
2026-03-10 11:00,B19,12.984453384867816,77.57473201101374,29,120,Residential
2026-03-10 12:00,B19,12.984453384867816,77.57473201101374,33,120,Residential
2026-03-10 13:00,B19,12.984453384867816,77.57473201101374,34,120,Residential
2026-03-10 14:00,B19,12.984453384867816,77.57473201101374,37,120,Residential
2026-03-10 15:00,B19,12.984453384867816,77.57473201101374,38,120,Residential
2026-03-10 16:00,B19,12.984453384867816,77.57473201101374,40,120,Residential
2026-03-10 17:00,B19,12.984453384867816,77.57473201101374,43,120,Residential
2026-03-10 18:00,B19,12.984453384867816,77.57473201101374,49,120,Residential
2026-03-10 19:00,B19,12.984453384867816,77.57473201101374,56,120,Residential
2026-03-10 20:00,B19,12.984453384867816,77.57473201101374,65,120,Residential
2026-03-10 21:00,B19,12.984453384867816,77.57473201101374,73,120,Residential
2026-03-10 22:00,B19,12.984453384867816,77.57473201101374,82,120,Residential
2026-03-10 23:00,B19,12.984453384867816,77.57473201101374,92,120,Residential
2026-03-11 00:00,B19,12.984453384867816,77.57473201101374,94,120,Residential
2026-03-11 01:00,B19,12.984453384867816,77.57473201101374,98,120,Residential
2026-03-11 02:00,B19,12.984453384867816,77.57473201101374,11,120,Residential
2026-03-11 03:00,B19,12.984453384867816,77.57473201101374,12,120,Residential
2026-03-11 04:00,B19,12.984453384867816,77.57473201101374,16,120,Residential
2026-03-11 05:00,B19,12.984453384867816,77.57473201101374,17,120,Residential
2026-03-11 06:00,B19,12.984453384867816,77.57473201101374,21,120,Residential
2026-03-11 07:00,B19,12.984453384867816,77.57473201101374,22,120,Residential
2026-03-11 08:00,B19,12.984453384867816,77.57473201101374,24,120,Residential
2026-03-11 09:00,B19,12.984453384867816,77.57473201101374,29,120,Residential
2026-03-11 10:00,B19,12.984453384867816,77.57473201101374,32,120,Residential
2026-03-11 11:00,B19,12.984453384867816,77.57473201101374,36,120,Residential
2026-03-11 12:00,B19,12.984453384867816,77.57473201101374,41,120,Residential
2026-03-11 13:00,B19,12.984453384867816,77.57473201101374,44,120,Residential
2026-03-11 14:00,B19,12.984453384867816,77.57473201101374,47,120,Residential
2026-03-11 15:00,B19,12.984453384867816,77.57473201101374,48,120,Residential
2026-03-11 16:00,B19,12.984453384867816,77.57473201101374,50,120,Residential
2026-03-11 17:00,B19,12.984453384867816,77.57473201101374,52,120,Residential
2026-03-11 18:00,B19,12.984453384867816,77.57473201101374,61,120,Residential
2026-03-11 19:00,B19,12.984453384867816,77.57473201101374,72,120,Residential
2026-03-11 20:00,B19,12.984453384867816,77.57473201101374,78,120,Residential
2026-03-11 21:00,B19,12.984453384867816,77.57473201101374,86,120,Residential
2026-03-11 22:00,B19,12.984453384867816,77.57473201101374,92,120,Residential
2026-03-11 23:00,B19,12.984453384867816,77.57473201101374,100,120,Residential
2026-03-12 00:00,B19,12.984453384867816,77.57473201101374,14,120,Residential
2026-03-12 01:00,B19,12.984453384867816,77.57473201101374,18,120,Residential
2026-03-12 02:00,B19,12.984453384867816,77.57473201101374,19,120,Residential
2026-03-12 03:00,B19,12.984453384867816,77.57473201101374,24,120,Residential
2026-03-12 04:00,B19,12.984453384867816,77.57473201101374,25,120,Residential
2026-03-12 05:00,B19,12.984453384867816,77.57473201101374,26,120,Residential
2026-03-10 06:00,B20,12.958675116566384,77.59652553072641,16,80,Residential
2026-03-10 07:00,B20,12.958675116566384,77.59652553072641,19,80,Residential
2026-03-10 08:00,B20,12.958675116566384,77.59652553072641,20,80,Residential
2026-03-10 09:00,B20,12.958675116566384,77.59652553072641,25,80,Residential
2026-03-10 10:00,B20,12.958675116566384,77.59652553072641,29,80,Residential
2026-03-10 11:00,B20,12.958675116566384,77.59652553072641,33,80,Residential
2026-03-10 12:00,B20,12.958675116566384,77.59652553072641,35,80,Residential
2026-03-10 13:00,B20,12.958675116566384,77.59652553072641,40,80,Residential
2026-03-10 14:00,B20,12.958675116566384,77.59652553072641,43,80,Residential
2026-03-10 15:00,B20,12.958675116566384,77.59652553072641,44,80,Residential
2026-03-10 16:00,B20,12.958675116566384,77.59652553072641,46,80,Residential
2026-03-10 17:00,B20,12.958675116566384,77.59652553072641,50,80,Residential
2026-03-10 18:00,B20,12.958675116566384,77.59652553072641,57,80,Residential
2026-03-10 19:00,B20,12.958675116566384,77.59652553072641,64,80,Residential
2026-03-10 20:00,B20,12.958675116566384,77.59652553072641,69,80,Residential
2026-03-10 21:00,B20,12.958675116566384,77.59652553072641,79,80,Residential
2026-03-10 22:00,B20,12.958675116566384,77.59652553072641,87,80,Residential
2026-03-10 23:00,B20,12.958675116566384,77.59652553072641,96,80,Residential
2026-03-11 00:00,B20,12.958675116566384,77.59652553072641,15,80,Residential
2026-03-11 01:00,B20,12.958675116566384,77.59652553072641,16,80,Residential
2026-03-11 02:00,B20,12.958675116566384,77.59652553072641,21,80,Residential
2026-03-11 03:00,B20,12.958675116566384,77.59652553072641,25,80,Residential
2026-03-11 04:00,B20,12.958675116566384,77.59652553072641,28,80,Residential
2026-03-11 05:00,B20,12.958675116566384,77.59652553072641,33,80,Residential
2026-03-11 06:00,B20,12.958675116566384,77.59652553072641,38,80,Residential
2026-03-11 07:00,B20,12.958675116566384,77.59652553072641,43,80,Residential
2026-03-11 08:00,B20,12.958675116566384,77.59652553072641,46,80,Residential
2026-03-11 09:00,B20,12.958675116566384,77.59652553072641,49,80,Residential
2026-03-11 10:00,B20,12.958675116566384,77.59652553072641,51,80,Residential
2026-03-11 11:00,B20,12.958675116566384,77.59652553072641,55,80,Residential
2026-03-11 12:00,B20,12.958675116566384,77.59652553072641,56,80,Residential
2026-03-11 13:00,B20,12.958675116566384,77.59652553072641,61,80,Residential
2026-03-11 14:00,B20,12.958675116566384,77.59652553072641,63,80,Residential
2026-03-11 15:00,B20,12.958675116566384,77.59652553072641,64,80,Residential
2026-03-11 16:00,B20,12.958675116566384,77.59652553072641,66,80,Residential
2026-03-11 17:00,B20,12.958675116566384,77.59652553072641,69,80,Residential
2026-03-11 18:00,B20,12.958675116566384,77.59652553072641,78,80,Residential
2026-03-11 19:00,B20,12.958675116566384,77.59652553072641,88,80,Residential
2026-03-11 20:00,B20,12.958675116566384,77.59652553072641,93,80,Residential
2026-03-11 21:00,B20,12.958675116566384,77.59652553072641,100,80,Residential
2026-03-11 22:00,B20,12.958675116566384,77.59652553072641,10,80,Residential
2026-03-11 23:00,B20,12.958675116566384,77.59652553072641,15,80,Residential
2026-03-12 00:00,B20,12.958675116566384,77.59652553072641,16,80,Residential
2026-03-12 01:00,B20,12.958675116566384,77.59652553072641,18,80,Residential
2026-03-12 02:00,B20,12.958675116566384,77.59652553072641,23,80,Residential
2026-03-12 03:00,B20,12.958675116566384,77.59652553072641,26,80,Residential
2026-03-12 04:00,B20,12.958675116566384,77.59652553072641,29,80,Residential
2026-03-12 05:00,B20,12.958675116566384,77.59652553072641,32,80,Residential
