sim_time_h,day,hour_of_day,event_type,bin_id,fill_level,truck_id,delay_hours,message
0.0,1,0,FILL_UPDATE,BIN_C01,28.75,,,
0.0,1,0,FILL_UPDATE,BIN_C02,63.9,,,
0.0,1,0,FILL_UPDATE,BIN_C03,13.02,,,
0.0,1,0,FILL_UPDATE,BIN_R01,42.7,,,
0.0,1,0,FILL_UPDATE,BIN_R02,56.47,,,
0.0,1,0,FILL_UPDATE,BIN_R03,21.47,,,
0.0,1,0,FILL_UPDATE,BIN_R04,71.9,,,
0.0,1,0,FILL_UPDATE,BIN_I01,30.95,,,
0.0,1,0,FILL_UPDATE,BIN_I02,46.59,,,
0.0,1,0,FILL_UPDATE,BIN_P01,15.64,,,
0.0,1,0,FILL_UPDATE,BIN_P02,36.59,,,
0.0,1,0,FILL_UPDATE,BIN_P03,51.03,,,
1.0,1,1,FILL_UPDATE,BIN_C01,31.45,,,
1.0,1,1,FILL_UPDATE,BIN_C02,66.0,,,
1.0,1,1,FILL_UPDATE,BIN_C03,15.67,,,
1.0,1,1,FILL_UPDATE,BIN_R01,44.09,,,
1.0,1,1,FILL_UPDATE,BIN_R02,58.21,,,
1.0,1,1,FILL_UPDATE,BIN_R03,23.72,,,
1.0,1,1,FILL_UPDATE,BIN_R04,73.77,,,
1.0,1,1,FILL_UPDATE,BIN_I01,32.25,,,
1.0,1,1,FILL_UPDATE,BIN_I02,49.75,,,
1.0,1,1,FILL_UPDATE,BIN_P01,16.59,,,
1.0,1,1,FILL_UPDATE,BIN_P02,36.99,,,
1.0,1,1,FILL_UPDATE,BIN_P03,51.84,,,
2.0,1,2,FILL_UPDATE,BIN_C01,35.05,,,
2.0,1,2,FILL_UPDATE,BIN_C02,69.57,,,
2.0,1,2,FILL_UPDATE,BIN_C03,18.24,,,
2.0,1,2,FILL_UPDATE,BIN_R01,46.46,,,
2.0,1,2,FILL_UPDATE,BIN_R02,59.46,,,
2.0,1,2,FILL_UPDATE,BIN_R03,25.66,,,
2.0,1,2,FILL_UPDATE,BIN_R04,75.23,,,
2.0,1,2,FILL_UPDATE,BIN_I01,33.76,,,
2.0,1,2,FILL_UPDATE,BIN_I02,52.98,,,
2.0,1,2,FILL_UPDATE,BIN_P01,17.56,,,
2.0,1,2,FILL_UPDATE,BIN_P02,38.14,,,
2.0,1,2,FILL_UPDATE,BIN_P03,52.99,,,
3.0,1,3,FILL_UPDATE,BIN_C01,38.26,,,
3.0,1,3,FILL_UPDATE,BIN_C02,70.2,,,
3.0,1,3,FILL_UPDATE,BIN_C03,21.58,,,
3.0,1,3,FILL_UPDATE,BIN_R01,48.26,,,
3.0,1,3,FILL_UPDATE,BIN_R02,61.07,,,
3.0,1,3,FILL_UPDATE,BIN_R03,28.3,,,
3.0,1,3,FILL_UPDATE,BIN_R04,76.5,,,
3.0,1,3,FILL_UPDATE,BIN_I01,37.08,,,
3.0,1,3,FILL_UPDATE,BIN_I02,55.01,,,
3.0,1,3,FILL_UPDATE,BIN_P01,18.6,,,
3.0,1,3,FILL_UPDATE,BIN_P02,38.86,,,
3.0,1,3,FILL_UPDATE,BIN_P03,53.83,,,
4.0,1,4,FILL_UPDATE,BIN_C01,41.81,,,
4.0,1,4,FILL_UPDATE,BIN_C02,73.46,,,
4.0,1,4,PREEMPTIVE_DISPATCH,BIN_C02,73.46,,,BIN_C02 predicted=95.2% — pre-emptive dispatch
4.0,1,4,FILL_UPDATE,BIN_C03,23.41,,,
4.0,1,4,FILL_UPDATE,BIN_R01,49.8,,,
4.0,1,4,FILL_UPDATE,BIN_R02,62.73,,,
4.0,1,4,FILL_UPDATE,BIN_R03,31.18,,,
4.0,1,4,FILL_UPDATE,BIN_R04,78.4,,,
4.0,1,4,PREEMPTIVE_DISPATCH,BIN_R04,78.4,,,BIN_R04 predicted=90.7% — pre-emptive dispatch
4.0,1,4,FILL_UPDATE,BIN_I01,37.85,,,
4.0,1,4,FILL_UPDATE,BIN_I02,57.56,,,
4.0,1,4,PREEMPTIVE_DISPATCH,BIN_I02,57.56,,,BIN_I02 predicted=91.5% — pre-emptive dispatch
4.0,1,4,FILL_UPDATE,BIN_P01,19.52,,,
4.0,1,4,FILL_UPDATE,BIN_P02,39.84,,,
4.0,1,4,FILL_UPDATE,BIN_P03,55.29,,,
4.0,1,4,TRUCK_DISPATCHED,BIN_C02,73.46,TRUCK_03,,TRUCK_03 dispatched to BIN_C02 (queued 0.00h | type=PREEMPTIVE)
4.0,1,4,TRUCK_DISPATCHED,BIN_R04,78.4,TRUCK_03,,TRUCK_03 dispatched to BIN_R04 (queued 0.00h | type=PREEMPTIVE)
4.0,1,4,TRUCK_DISPATCHED,BIN_I02,57.56,TRUCK_03,,TRUCK_03 dispatched to BIN_I02 (queued 0.00h | type=PREEMPTIVE)
5.0,1,5,FILL_UPDATE,BIN_C01,43.65,,,
5.0,1,5,FILL_UPDATE,BIN_C02,78.9,,,
5.0,1,5,FILL_UPDATE,BIN_C03,25.67,,,
5.0,1,5,FILL_UPDATE,BIN_R01,51.61,,,
5.0,1,5,FILL_UPDATE,BIN_R02,63.55,,,
5.0,1,5,FILL_UPDATE,BIN_R03,32.3,,,
5.0,1,5,FILL_UPDATE,BIN_R04,79.6,,,
5.0,1,5,FILL_UPDATE,BIN_I01,41.75,,,
5.0,1,5,FILL_UPDATE,BIN_I02,59.77,,,
5.0,1,5,FILL_UPDATE,BIN_P01,20.85,,,
5.0,1,5,FILL_UPDATE,BIN_P02,40.94,,,
5.0,1,5,FILL_UPDATE,BIN_P03,55.64,,,
5.136,1,5,TRUCK_ARRIVED,BIN_R04,78.4,TRUCK_03,1.136,TRUCK_03 arrived at BIN_R04 after 1.14h travel
5.386,1,5,BIN_EMPTIED,BIN_R04,0.0,TRUCK_03,1.386,✅ BIN_R04 emptied by TRUCK_03 (total=1.39h | queue=0.00h | travel=1.14h)
5.816,1,5,TRUCK_ARRIVED,BIN_C02,73.46,TRUCK_03,1.816,TRUCK_03 arrived at BIN_C02 after 1.82h travel
6.0,1,6,FILL_UPDATE,BIN_C01,47.16,,,
6.0,1,6,PREEMPTIVE_DISPATCH,BIN_C01,47.16,,,BIN_C01 predicted=95.5% — pre-emptive dispatch
6.0,1,6,FILL_UPDATE,BIN_C02,80.91,,,
6.0,1,6,FILL_UPDATE,BIN_C03,27.6,,,
6.0,1,6,FILL_UPDATE,BIN_R01,53.54,,,
6.0,1,6,FILL_UPDATE,BIN_R02,65.51,,,
6.0,1,6,FILL_UPDATE,BIN_R03,34.18,,,
6.0,1,6,FILL_UPDATE,BIN_R04,80.92,,,
6.0,1,6,FILL_UPDATE,BIN_I01,45.93,,,
6.0,1,6,FILL_UPDATE,BIN_I02,61.2,,,
6.0,1,6,FILL_UPDATE,BIN_P01,22.11,,,
6.0,1,6,FILL_UPDATE,BIN_P02,42.25,,,
6.0,1,6,FILL_UPDATE,BIN_P03,56.32,,,
6.0,1,6,TRUCK_DISPATCHED,BIN_C01,47.16,TRUCK_03,,TRUCK_03 dispatched to BIN_C01 (queued 0.00h | type=PREEMPTIVE)
6.061,1,6,TRUCK_ARRIVED,BIN_I02,57.56,TRUCK_03,2.061,TRUCK_03 arrived at BIN_I02 after 2.06h travel
6.066,1,6,BIN_EMPTIED,BIN_C02,0.0,TRUCK_03,2.066,✅ BIN_C02 emptied by TRUCK_03 (total=2.07h | queue=0.00h | travel=1.82h)
6.311,1,6,BIN_EMPTIED,BIN_I02,0.0,TRUCK_03,2.311,✅ BIN_I02 emptied by TRUCK_03 (total=2.31h | queue=0.00h | travel=2.06h)
7.0,1,7,FILL_UPDATE,BIN_C01,56.94,,,
7.0,1,7,FILL_UPDATE,BIN_C02,93.26,,,
7.0,1,7,FILL_UPDATE,BIN_C03,34.81,,,
7.0,1,7,FILL_UPDATE,BIN_R01,56.46,,,
7.0,1,7,FILL_UPDATE,BIN_R02,69.59,,,
7.0,1,7,FILL_UPDATE,BIN_R03,38.78,,,
7.0,1,7,FILL_UPDATE,BIN_R04,4.22,,,
7.0,1,7,FILL_UPDATE,BIN_I01,51.36,,,
7.0,1,7,PREEMPTIVE_DISPATCH,BIN_I01,51.36,,,BIN_I01 predicted=101.8% — pre-emptive dispatch
7.0,1,7,FILL_UPDATE,BIN_I02,68.55,,,
7.0,1,7,FILL_UPDATE,BIN_P01,23.69,,,
7.0,1,7,FILL_UPDATE,BIN_P02,45.11,,,
7.0,1,7,FILL_UPDATE,BIN_P03,59.4,,,
7.0,1,7,TRUCK_DISPATCHED,BIN_I01,51.36,TRUCK_02,,TRUCK_02 dispatched to BIN_I01 (queued 0.00h | type=PREEMPTIVE)
7.665,1,7,TRUCK_ARRIVED,BIN_C01,47.16,TRUCK_03,1.665,TRUCK_03 arrived at BIN_C01 after 1.67h travel
7.915,1,7,BIN_EMPTIED,BIN_C01,0.0,TRUCK_03,1.915,✅ BIN_C01 emptied by TRUCK_03 (total=1.92h | queue=0.00h | travel=1.67h)
8.0,1,8,FILL_UPDATE,BIN_C01,65.59,,,
8.0,1,8,FILL_UPDATE,BIN_C02,6.25,,,
8.0,1,8,FILL_UPDATE,BIN_C03,49.59,,,
8.0,1,8,FILL_UPDATE,BIN_R01,60.07,,,
8.0,1,8,FILL_UPDATE,BIN_R02,76.73,,,
8.0,1,8,FILL_UPDATE,BIN_R03,45.42,,,
8.0,1,8,FILL_UPDATE,BIN_R04,8.05,,,
8.0,1,8,FILL_UPDATE,BIN_I01,62.17,,,
8.0,1,8,FILL_UPDATE,BIN_I02,12.51,,,
8.0,1,8,FILL_UPDATE,BIN_P01,25.3,,,
8.0,1,8,FILL_UPDATE,BIN_P02,49.46,,,
8.0,1,8,FILL_UPDATE,BIN_P03,63.74,,,
8.471,1,8,TRUCK_ARRIVED,BIN_I01,51.36,TRUCK_02,1.471,TRUCK_02 arrived at BIN_I01 after 1.47h travel
8.721,1,8,BIN_EMPTIED,BIN_I01,0.0,TRUCK_02,1.721,✅ BIN_I01 emptied by TRUCK_02 (total=1.72h | queue=0.00h | travel=1.47h)
9.0,1,9,FILL_UPDATE,BIN_C01,15.28,,,
9.0,1,9,FILL_UPDATE,BIN_C02,23.06,,,
9.0,1,9,FILL_UPDATE,BIN_C03,61.33,,,
9.0,1,9,PREEMPTIVE_DISPATCH,BIN_C03,61.33,,,BIN_C03 predicted=97.4% — pre-emptive dispatch
9.0,1,9,FILL_UPDATE,BIN_R01,65.22,,,
9.0,1,9,FILL_UPDATE,BIN_R02,82.56,,,
9.0,1,9,THRESHOLD_CROSSED,BIN_R02,82.56,,,BIN_R02 fill=82.6% — requesting truck
9.0,1,9,FILL_UPDATE,BIN_R03,52.61,,,
9.0,1,9,FILL_UPDATE,BIN_R04,10.57,,,
9.0,1,9,FILL_UPDATE,BIN_I01,66.37,,,
9.0,1,9,FILL_UPDATE,BIN_I02,20.81,,,
9.0,1,9,FILL_UPDATE,BIN_P01,29.41,,,
9.0,1,9,FILL_UPDATE,BIN_P02,52.31,,,
9.0,1,9,FILL_UPDATE,BIN_P03,66.57,,,
9.0,1,9,TRUCK_DISPATCHED,BIN_C03,61.33,TRUCK_02,,TRUCK_02 dispatched to BIN_C03 (queued 0.00h | type=PREEMPTIVE)
9.0,1,9,TRUCK_DISPATCHED,BIN_R02,82.56,TRUCK_02,,TRUCK_02 dispatched to BIN_R02 (queued 0.00h | type=THRESHOLD)
10.0,1,10,FILL_UPDATE,BIN_C01,33.62,,,
10.0,1,10,FILL_UPDATE,BIN_C02,27.23,,,
10.0,1,10,FILL_UPDATE,BIN_C03,70.13,,,
10.0,1,10,FILL_UPDATE,BIN_R01,72.9,,,
10.0,1,10,FILL_UPDATE,BIN_R02,88.28,,,
10.0,1,10,FILL_UPDATE,BIN_R03,59.59,,,
10.0,1,10,FILL_UPDATE,BIN_R04,14.07,,,
10.0,1,10,FILL_UPDATE,BIN_I01,7.05,,,
10.0,1,10,FILL_UPDATE,BIN_I02,34.71,,,
10.0,1,10,FILL_UPDATE,BIN_P01,31.09,,,
10.0,1,10,FILL_UPDATE,BIN_P02,58.6,,,
10.0,1,10,FILL_UPDATE,BIN_P03,67.91,,,
10.239,1,10,TRUCK_ARRIVED,BIN_R02,82.56,TRUCK_02,1.239,TRUCK_02 arrived at BIN_R02 after 1.24h travel
10.489,1,10,BIN_EMPTIED,BIN_R02,0.0,TRUCK_02,1.489,✅ BIN_R02 emptied by TRUCK_02 (total=1.49h | queue=0.00h | travel=1.24h)
10.518,1,10,TRUCK_ARRIVED,BIN_C03,61.33,TRUCK_02,1.518,TRUCK_02 arrived at BIN_C03 after 1.52h travel
10.768,1,10,BIN_EMPTIED,BIN_C03,0.0,TRUCK_02,1.768,✅ BIN_C03 emptied by TRUCK_02 (total=1.77h | queue=0.00h | travel=1.52h)
11.0,1,11,FILL_UPDATE,BIN_C01,38.14,,,
11.0,1,11,FILL_UPDATE,BIN_C02,30.92,,,
11.0,1,11,FILL_UPDATE,BIN_C03,72.45,,,
11.0,1,11,FILL_UPDATE,BIN_R01,74.62,,,
11.0,1,11,FILL_UPDATE,BIN_R02,89.41,,,
11.0,1,11,FILL_UPDATE,BIN_R03,61.19,,,
11.0,1,11,FILL_UPDATE,BIN_R04,16.8,,,
11.0,1,11,FILL_UPDATE,BIN_I01,9.15,,,
11.0,1,11,FILL_UPDATE,BIN_I02,38.51,,,
11.0,1,11,FILL_UPDATE,BIN_P01,32.56,,,
11.0,1,11,FILL_UPDATE,BIN_P02,59.2,,,
11.0,1,11,FILL_UPDATE,BIN_P03,68.99,,,
12.0,1,12,FILL_UPDATE,BIN_C01,48.1,,,
12.0,1,12,FILL_UPDATE,BIN_C02,41.01,,,
12.0,1,12,FILL_UPDATE,BIN_C03,14.51,,,
12.0,1,12,FILL_UPDATE,BIN_R01,83.71,,,
12.0,1,12,THRESHOLD_CROSSED,BIN_R01,83.71,,,BIN_R01 fill=83.7% — requesting truck
12.0,1,12,FILL_UPDATE,BIN_R02,1.74,,,
12.0,1,12,FILL_UPDATE,BIN_R03,67.5,,,
12.0,1,12,FILL_UPDATE,BIN_R04,20.93,,,
12.0,1,12,FILL_UPDATE,BIN_I01,15.32,,,
12.0,1,12,FILL_UPDATE,BIN_I02,48.3,,,
12.0,1,12,FILL_UPDATE,BIN_P01,34.73,,,
12.0,1,12,FILL_UPDATE,BIN_P02,62.57,,,
12.0,1,12,FILL_UPDATE,BIN_P03,72.74,,,
12.0,1,12,TRUCK_DISPATCHED,BIN_R01,83.71,TRUCK_01,,TRUCK_01 dispatched to BIN_R01 (queued 0.00h | type=THRESHOLD)
13.0,1,13,FILL_UPDATE,BIN_C01,59.29,,,
13.0,1,13,FILL_UPDATE,BIN_C02,50.05,,,
13.0,1,13,FILL_UPDATE,BIN_C03,27.19,,,
13.0,1,13,FILL_UPDATE,BIN_R01,89.53,,,
13.0,1,13,FILL_UPDATE,BIN_R02,6.3,,,
13.0,1,13,FILL_UPDATE,BIN_R03,74.25,,,
13.0,1,13,FILL_UPDATE,BIN_R04,27.2,,,
13.0,1,13,FILL_UPDATE,BIN_I01,22.37,,,
13.0,1,13,FILL_UPDATE,BIN_I02,54.52,,,
13.0,1,13,FILL_UPDATE,BIN_P01,37.38,,,
13.0,1,13,FILL_UPDATE,BIN_P02,66.04,,,
13.0,1,13,FILL_UPDATE,BIN_P03,77.89,,,
13.276,1,13,TRUCK_ARRIVED,BIN_R01,83.71,TRUCK_01,1.276,TRUCK_01 arrived at BIN_R01 after 1.28h travel
13.526,1,13,BIN_EMPTIED,BIN_R01,0.0,TRUCK_01,1.526,✅ BIN_R01 emptied by TRUCK_01 (total=1.53h | queue=0.00h | travel=1.28h)
14.0,1,14,FILL_UPDATE,BIN_C01,61.33,,,
14.0,1,14,PREEMPTIVE_DISPATCH,BIN_C01,61.33,,,BIN_C01 predicted=111.6% — pre-emptive dispatch
14.0,1,14,FILL_UPDATE,BIN_C02,54.09,,,
14.0,1,14,PREEMPTIVE_DISPATCH,BIN_C02,54.09,,,BIN_C02 predicted=98.3% — pre-emptive dispatch
14.0,1,14,FILL_UPDATE,BIN_C03,31.06,,,
14.0,1,14,FILL_UPDATE,BIN_R01,90.74,,,
14.0,1,14,FILL_UPDATE,BIN_R02,8.09,,,
14.0,1,14,FILL_UPDATE,BIN_R03,76.58,,,
14.0,1,14,PREEMPTIVE_DISPATCH,BIN_R03,76.58,,,BIN_R03 predicted=95.5% — pre-emptive dispatch
14.0,1,14,FILL_UPDATE,BIN_R04,28.45,,,
14.0,1,14,FILL_UPDATE,BIN_I01,25.24,,,
14.0,1,14,FILL_UPDATE,BIN_I02,56.28,,,
14.0,1,14,FILL_UPDATE,BIN_P01,38.48,,,
14.0,1,14,FILL_UPDATE,BIN_P02,66.85,,,
14.0,1,14,FILL_UPDATE,BIN_P03,78.31,,,
14.0,1,14,TRUCK_DISPATCHED,BIN_C01,61.33,TRUCK_03,,TRUCK_03 dispatched to BIN_C01 (queued 0.00h | type=PREEMPTIVE)
14.0,1,14,TRUCK_DISPATCHED,BIN_C02,54.09,TRUCK_03,,TRUCK_03 dispatched to BIN_C02 (queued 0.00h | type=PREEMPTIVE)
14.0,1,14,TRUCK_DISPATCHED,BIN_R03,76.58,TRUCK_03,,TRUCK_03 dispatched to BIN_R03 (queued 0.00h | type=PREEMPTIVE)
15.0,1,15,FILL_UPDATE,BIN_C01,66.05,,,
15.0,1,15,FILL_UPDATE,BIN_C02,58.2,,,
15.0,1,15,FILL_UPDATE,BIN_C03,34.15,,,
15.0,1,15,FILL_UPDATE,BIN_R01,1.15,,,
15.0,1,15,FILL_UPDATE,BIN_R02,9.67,,,
15.0,1,15,FILL_UPDATE,BIN_R03,77.83,,,
15.0,1,15,FILL_UPDATE,BIN_R04,30.51,,,
15.0,1,15,FILL_UPDATE,BIN_I01,27.65,,,
15.0,1,15,FILL_UPDATE,BIN_I02,59.4,,,
15.0,1,15,FILL_UPDATE,BIN_P01,39.57,,,
15.0,1,15,FILL_UPDATE,BIN_P02,67.89,,,
15.0,1,15,FILL_UPDATE,BIN_P03,79.32,,,
15.0,1,15,PREEMPTIVE_DISPATCH,BIN_P03,79.32,,,BIN_P03 predicted=95.1% — pre-emptive dispatch
15.213,1,15,TRUCK_ARRIVED,BIN_C01,61.33,TRUCK_03,1.213,TRUCK_03 arrived at BIN_C01 after 1.21h travel
15.415,1,15,TRUCK_ARRIVED,BIN_C02,54.09,TRUCK_03,1.415,TRUCK_03 arrived at BIN_C02 after 1.41h travel
15.463,1,15,BIN_EMPTIED,BIN_C01,0.0,TRUCK_03,1.463,✅ BIN_C01 emptied by TRUCK_03 (total=1.46h | queue=0.00h | travel=1.21h)
15.463,1,15,TRUCK_DISPATCHED,BIN_P03,79.32,TRUCK_03,0.463,TRUCK_03 dispatched to BIN_P03 (queued 0.46h | type=PREEMPTIVE)
15.624,1,15,TRUCK_ARRIVED,BIN_R03,76.58,TRUCK_03,1.624,TRUCK_03 arrived at BIN_R03 after 1.62h travel
15.665,1,15,BIN_EMPTIED,BIN_C02,0.0,TRUCK_03,1.665,✅ BIN_C02 emptied by TRUCK_03 (total=1.66h | queue=0.00h | travel=1.41h)
15.874,1,15,BIN_EMPTIED,BIN_R03,0.0,TRUCK_03,1.874,✅ BIN_R03 emptied by TRUCK_03 (total=1.87h | queue=0.00h | travel=1.62h)
16.0,1,16,FILL_UPDATE,BIN_C01,70.26,,,
16.0,1,16,FILL_UPDATE,BIN_C02,63.61,,,
16.0,1,16,FILL_UPDATE,BIN_C03,36.64,,,
16.0,1,16,FILL_UPDATE,BIN_R01,3.01,,,
16.0,1,16,FILL_UPDATE,BIN_R02,10.93,,,
16.0,1,16,FILL_UPDATE,BIN_R03,79.22,,,
16.0,1,16,FILL_UPDATE,BIN_R04,30.99,,,
16.0,1,16,FILL_UPDATE,BIN_I01,29.46,,,
16.0,1,16,FILL_UPDATE,BIN_I02,62.21,,,
16.0,1,16,PREEMPTIVE_DISPATCH,BIN_I02,62.21,,,BIN_I02 predicted=107.4% — pre-emptive dispatch
16.0,1,16,FILL_UPDATE,BIN_P01,40.95,,,
16.0,1,16,FILL_UPDATE,BIN_P02,68.53,,,
16.0,1,16,FILL_UPDATE,BIN_P03,79.79,,,
16.0,1,16,TRUCK_DISPATCHED,BIN_I02,62.21,TRUCK_02,,TRUCK_02 dispatched to BIN_I02 (queued 0.00h | type=PREEMPTIVE)
17.0,1,17,FILL_UPDATE,BIN_C01,16.83,,,
17.0,1,17,FILL_UPDATE,BIN_C02,5.84,,,
17.0,1,17,FILL_UPDATE,BIN_C03,48.55,,,
17.0,1,17,FILL_UPDATE,BIN_R01,6.02,,,
17.0,1,17,FILL_UPDATE,BIN_R02,17.6,,,
17.0,1,17,FILL_UPDATE,BIN_R03,5.62,,,
17.0,1,17,FILL_UPDATE,BIN_R04,35.2,,,
17.0,1,17,FILL_UPDATE,BIN_I01,39.37,,,
17.0,1,17,FILL_UPDATE,BIN_I02,74.14,,,
17.0,1,17,FILL_UPDATE,BIN_P01,43.04,,,
17.0,1,17,FILL_UPDATE,BIN_P02,74.27,,,
17.0,1,17,FILL_UPDATE,BIN_P03,82.45,,,
17.543,1,17,TRUCK_ARRIVED,BIN_P03,79.32,TRUCK_03,2.08,TRUCK_03 arrived at BIN_P03 after 2.08h travel
17.793,1,17,BIN_EMPTIED,BIN_P03,0.0,TRUCK_03,2.793,✅ BIN_P03 emptied by TRUCK_03 (total=2.79h | queue=0.46h | travel=2.08h)
18.0,1,18,FILL_UPDATE,BIN_C01,36.83,,,
18.0,1,18,FILL_UPDATE,BIN_C02,25.33,,,
18.0,1,18,FILL_UPDATE,BIN_C03,68.55,,,
18.0,1,18,FILL_UPDATE,BIN_R01,13.07,,,
18.0,1,18,FILL_UPDATE,BIN_R02,27.0,,,
18.0,1,18,FILL_UPDATE,BIN_R03,10.78,,,
18.0,1,18,FILL_UPDATE,BIN_R04,45.7,,,
18.0,1,18,FILL_UPDATE,BIN_I01,45.69,,,
18.0,1,18,FILL_UPDATE,BIN_I02,84.08,,,
18.0,1,18,FILL_UPDATE,BIN_P01,48.7,,,
18.0,1,18,FILL_UPDATE,BIN_P02,78.8,,,
18.0,1,18,FILL_UPDATE,BIN_P03,84.42,,,
18.233,1,18,TRUCK_ARRIVED,BIN_I02,62.21,TRUCK_02,2.233,TRUCK_02 arrived at BIN_I02 after 2.23h travel
18.483,1,18,BIN_EMPTIED,BIN_I02,0.0,TRUCK_02,2.483,✅ BIN_I02 emptied by TRUCK_02 (total=2.48h | queue=0.00h | travel=2.23h)
19.0,1,19,FILL_UPDATE,BIN_C01,42.4,,,
19.0,1,19,FILL_UPDATE,BIN_C02,38.41,,,
19.0,1,19,FILL_UPDATE,BIN_C03,72.81,,,
19.0,1,19,FILL_UPDATE,BIN_R01,16.55,,,
19.0,1,19,FILL_UPDATE,BIN_R02,34.09,,,
19.0,1,19,FILL_UPDATE,BIN_R03,15.97,,,
19.0,1,19,FILL_UPDATE,BIN_R04,51.86,,,
19.0,1,19,FILL_UPDATE,BIN_I01,51.49,,,
19.0,1,19,FILL_UPDATE,BIN_I02,91.36,,,
19.0,1,19,FILL_UPDATE,BIN_P01,51.16,,,
19.0,1,19,FILL_UPDATE,BIN_P02,80.91,,,
19.0,1,19,THRESHOLD_CROSSED,BIN_P02,80.91,,,BIN_P02 fill=80.9% — requesting truck
19.0,1,19,FILL_UPDATE,BIN_P03,2.8,,,
19.0,1,19,TRUCK_DISPATCHED,BIN_P02,80.91,TRUCK_01,,TRUCK_01 dispatched to BIN_P02 (queued 0.00h | type=THRESHOLD)
20.0,1,20,FILL_UPDATE,BIN_C01,50.94,,,
20.0,1,20,FILL_UPDATE,BIN_C02,47.42,,,
20.0,1,20,FILL_UPDATE,BIN_C03,80.68,,,
20.0,1,20,THRESHOLD_CROSSED,BIN_C03,80.68,,,BIN_C03 fill=80.7% — requesting truck
20.0,1,20,FILL_UPDATE,BIN_R01,22.06,,,
20.0,1,20,FILL_UPDATE,BIN_R02,37.81,,,
20.0,1,20,FILL_UPDATE,BIN_R03,20.09,,,
20.0,1,20,FILL_UPDATE,BIN_R04,54.05,,,
20.0,1,20,FILL_UPDATE,BIN_I01,61.84,,,
20.0,1,20,FILL_UPDATE,BIN_I02,7.85,,,
20.0,1,20,FILL_UPDATE,BIN_P01,56.96,,,
20.0,1,20,FILL_UPDATE,BIN_P02,83.38,,,
20.0,1,20,FILL_UPDATE,BIN_P03,4.41,,,
20.0,1,20,TRUCK_DISPATCHED,BIN_C03,80.68,TRUCK_02,,TRUCK_02 dispatched to BIN_C03 (queued 0.00h | type=THRESHOLD)
21.0,1,21,FILL_UPDATE,BIN_C01,53.44,,,
21.0,1,21,FILL_UPDATE,BIN_C02,50.02,,,
21.0,1,21,FILL_UPDATE,BIN_C03,85.62,,,
21.0,1,21,FILL_UPDATE,BIN_R01,24.34,,,
21.0,1,21,FILL_UPDATE,BIN_R02,40.45,,,
21.0,1,21,FILL_UPDATE,BIN_R03,21.32,,,
21.0,1,21,FILL_UPDATE,BIN_R04,56.12,,,
21.0,1,21,FILL_UPDATE,BIN_I01,64.17,,,
21.0,1,21,FILL_UPDATE,BIN_I02,9.1,,,
21.0,1,21,FILL_UPDATE,BIN_P01,58.73,,,
21.0,1,21,FILL_UPDATE,BIN_P02,84.6,,,
21.0,1,21,FILL_UPDATE,BIN_P03,5.15,,,
21.286,1,21,TRUCK_ARRIVED,BIN_P02,80.91,TRUCK_01,2.286,TRUCK_01 arrived at BIN_P02 after 2.29h travel
21.536,1,21,BIN_EMPTIED,BIN_P02,0.0,TRUCK_01,2.536,✅ BIN_P02 emptied by TRUCK_01 (total=2.54h | queue=0.00h | travel=2.29h)
21.581,1,21,TRUCK_ARRIVED,BIN_C03,80.68,TRUCK_02,1.581,TRUCK_02 arrived at BIN_C03 after 1.58h travel
21.831,1,21,BIN_EMPTIED,BIN_C03,0.0,TRUCK_02,1.831,✅ BIN_C03 emptied by TRUCK_02 (total=1.83h | queue=0.00h | travel=1.58h)
22.0,1,22,FILL_UPDATE,BIN_C01,56.09,,,
22.0,1,22,FILL_UPDATE,BIN_C02,53.32,,,
22.0,1,22,FILL_UPDATE,BIN_C03,89.14,,,
22.0,1,22,FILL_UPDATE,BIN_R01,26.06,,,
22.0,1,22,FILL_UPDATE,BIN_R02,41.66,,,
22.0,1,22,FILL_UPDATE,BIN_R03,23.52,,,
22.0,1,22,FILL_UPDATE,BIN_R04,57.28,,,
22.0,1,22,FILL_UPDATE,BIN_I01,67.35,,,
22.0,1,22,FILL_UPDATE,BIN_I02,12.09,,,
22.0,1,22,FILL_UPDATE,BIN_P01,59.95,,,
22.0,1,22,FILL_UPDATE,BIN_P02,84.88,,,
22.0,1,22,FILL_UPDATE,BIN_P03,5.5,,,
23.0,1,23,FILL_UPDATE,BIN_C01,59.6,,,
23.0,1,23,FILL_UPDATE,BIN_C02,57.21,,,
23.0,1,23,FILL_UPDATE,BIN_C03,3.18,,,
23.0,1,23,FILL_UPDATE,BIN_R01,27.41,,,
23.0,1,23,FILL_UPDATE,BIN_R02,42.89,,,
23.0,1,23,FILL_UPDATE,BIN_R03,25.88,,,
23.0,1,23,FILL_UPDATE,BIN_R04,59.54,,,
23.0,1,23,FILL_UPDATE,BIN_I01,70.33,,,
23.0,1,23,FILL_UPDATE,BIN_I02,12.37,,,
23.0,1,23,FILL_UPDATE,BIN_P01,61.19,,,
23.0,1,23,FILL_UPDATE,BIN_P02,1.15,,,
23.0,1,23,FILL_UPDATE,BIN_P03,6.53,,,
24.0,2,0,FILL_UPDATE,BIN_C01,64.02,,,
24.0,2,0,FILL_UPDATE,BIN_C02,60.8,,,
24.0,2,0,FILL_UPDATE,BIN_C03,5.95,,,
24.0,2,0,FILL_UPDATE,BIN_R01,29.4,,,
24.0,2,0,FILL_UPDATE,BIN_R02,44.81,,,
24.0,2,0,FILL_UPDATE,BIN_R03,28.15,,,
24.0,2,0,FILL_UPDATE,BIN_R04,62.01,,,
24.0,2,0,FILL_UPDATE,BIN_I01,70.99,,,
24.0,2,0,FILL_UPDATE,BIN_I02,13.19,,,
24.0,2,0,FILL_UPDATE,BIN_P01,62.19,,,
24.0,2,0,FILL_UPDATE,BIN_P02,2.28,,,
24.0,2,0,FILL_UPDATE,BIN_P03,7.86,,,
25.0,2,1,FILL_UPDATE,BIN_C01,67.51,,,
25.0,2,1,FILL_UPDATE,BIN_C02,62.57,,,
25.0,2,1,FILL_UPDATE,BIN_C03,9.53,,,
25.0,2,1,FILL_UPDATE,BIN_R01,31.53,,,
25.0,2,1,FILL_UPDATE,BIN_R02,46.67,,,
25.0,2,1,FILL_UPDATE,BIN_R03,29.62,,,
25.0,2,1,FILL_UPDATE,BIN_R04,64.26,,,
25.0,2,1,FILL_UPDATE,BIN_I01,73.56,,,
25.0,2,1,FILL_UPDATE,BIN_I02,16.12,,,
25.0,2,1,FILL_UPDATE,BIN_P01,63.61,,,
25.0,2,1,FILL_UPDATE,BIN_P02,3.17,,,
25.0,2,1,FILL_UPDATE,BIN_P03,8.69,,,
26.0,2,2,FILL_UPDATE,BIN_C01,71.51,,,
26.0,2,2,FILL_UPDATE,BIN_C02,66.69,,,
26.0,2,2,FILL_UPDATE,BIN_C03,13.2,,,
26.0,2,2,FILL_UPDATE,BIN_R01,32.82,,,
26.0,2,2,FILL_UPDATE,BIN_R02,47.36,,,
26.0,2,2,FILL_UPDATE,BIN_R03,31.77,,,
26.0,2,2,FILL_UPDATE,BIN_R04,66.17,,,
26.0,2,2,FILL_UPDATE,BIN_I01,78.26,,,
26.0,2,2,FILL_UPDATE,BIN_I02,18.71,,,
26.0,2,2,FILL_UPDATE,BIN_P01,64.8,,,
26.0,2,2,FILL_UPDATE,BIN_P02,3.86,,,
26.0,2,2,FILL_UPDATE,BIN_P03,10.44,,,
27.0,2,3,FILL_UPDATE,BIN_C01,76.36,,,
27.0,2,3,FILL_UPDATE,BIN_C02,68.95,,,
27.0,2,3,FILL_UPDATE,BIN_C03,16.5,,,
27.0,2,3,FILL_UPDATE,BIN_R01,33.55,,,
27.0,2,3,FILL_UPDATE,BIN_R02,49.01,,,
27.0,2,3,FILL_UPDATE,BIN_R03,32.91,,,
27.0,2,3,FILL_UPDATE,BIN_R04,68.42,,,
27.0,2,3,FILL_UPDATE,BIN_I01,79.6,,,
27.0,2,3,FILL_UPDATE,BIN_I02,20.91,,,
27.0,2,3,FILL_UPDATE,BIN_P01,65.7,,,
27.0,2,3,FILL_UPDATE,BIN_P02,4.76,,,
27.0,2,3,FILL_UPDATE,BIN_P03,10.54,,,
28.0,2,4,FILL_UPDATE,BIN_C01,79.37,,,
28.0,2,4,PREEMPTIVE_DISPATCH,BIN_C01,79.37,,,BIN_C01 predicted=107.8% — pre-emptive dispatch
28.0,2,4,FILL_UPDATE,BIN_C02,74.05,,,
28.0,2,4,PREEMPTIVE_DISPATCH,BIN_C02,74.05,,,BIN_C02 predicted=105.6% — pre-emptive dispatch
28.0,2,4,FILL_UPDATE,BIN_C03,19.49,,,
28.0,2,4,FILL_UPDATE,BIN_R01,36.84,,,
28.0,2,4,FILL_UPDATE,BIN_R02,50.77,,,
28.0,2,4,FILL_UPDATE,BIN_R03,34.78,,,
28.0,2,4,FILL_UPDATE,BIN_R04,69.82,,,
28.0,2,4,FILL_UPDATE,BIN_I01,82.07,,,
28.0,2,4,THRESHOLD_CROSSED,BIN_I01,82.07,,,BIN_I01 fill=82.1% — requesting truck
28.0,2,4,FILL_UPDATE,BIN_I02,22.92,,,
28.0,2,4,FILL_UPDATE,BIN_P01,66.74,,,
28.0,2,4,FILL_UPDATE,BIN_P02,6.36,,,
28.0,2,4,FILL_UPDATE,BIN_P03,11.98,,,
28.0,2,4,TRUCK_DISPATCHED,BIN_C01,79.37,TRUCK_03,,TRUCK_03 dispatched to BIN_C01 (queued 0.00h | type=PREEMPTIVE)
28.0,2,4,TRUCK_DISPATCHED,BIN_C02,74.05,TRUCK_03,,TRUCK_03 dispatched to BIN_C02 (queued 0.00h | type=PREEMPTIVE)
28.0,2,4,TRUCK_DISPATCHED,BIN_I01,82.07,TRUCK_03,,TRUCK_03 dispatched to BIN_I01 (queued 0.00h | type=THRESHOLD)
28.671,2,4,TRUCK_ARRIVED,BIN_C01,79.37,TRUCK_03,0.671,TRUCK_03 arrived at BIN_C01 after 0.67h travel
28.921,2,4,BIN_EMPTIED,BIN_C01,0.0,TRUCK_03,0.921,✅ BIN_C01 emptied by TRUCK_03 (total=0.92h | queue=0.00h | travel=0.67h)
29.0,2,5,FILL_UPDATE,BIN_C01,81.22,,,
29.0,2,5,FILL_UPDATE,BIN_C02,76.52,,,
29.0,2,5,FILL_UPDATE,BIN_C03,21.62,,,
29.0,2,5,FILL_UPDATE,BIN_R01,39.16,,,
29.0,2,5,FILL_UPDATE,BIN_R02,52.95,,,
29.0,2,5,FILL_UPDATE,BIN_R03,36.21,,,
29.0,2,5,FILL_UPDATE,BIN_R04,70.84,,,
29.0,2,5,PREEMPTIVE_DISPATCH,BIN_R04,70.84,,,BIN_R04 predicted=94.4% — pre-emptive dispatch
29.0,2,5,FILL_UPDATE,BIN_I01,84.35,,,
29.0,2,5,FILL_UPDATE,BIN_I02,25.09,,,
29.0,2,5,FILL_UPDATE,BIN_P01,67.92,,,
29.0,2,5,FILL_UPDATE,BIN_P02,7.82,,,
29.0,2,5,FILL_UPDATE,BIN_P03,13.22,,,
29.0,2,5,TRUCK_DISPATCHED,BIN_R04,70.84,TRUCK_03,,TRUCK_03 dispatched to BIN_R04 (queued 0.00h | type=PREEMPTIVE)
29.351,2,5,TRUCK_ARRIVED,BIN_I01,82.07,TRUCK_03,1.351,TRUCK_03 arrived at BIN_I01 after 1.35h travel
29.363,2,5,TRUCK_ARRIVED,BIN_C02,74.05,TRUCK_03,1.363,TRUCK_03 arrived at BIN_C02 after 1.36h travel
29.601,2,5,BIN_EMPTIED,BIN_I01,0.0,TRUCK_03,1.601,✅ BIN_I01 emptied by TRUCK_03 (total=1.60h | queue=0.00h | travel=1.35h)
29.613,2,5,BIN_EMPTIED,BIN_C02,0.0,TRUCK_03,1.613,✅ BIN_C02 emptied by TRUCK_03 (total=1.61h | queue=0.00h | travel=1.36h)
30.0,2,6,FILL_UPDATE,BIN_C01,3.58,,,
30.0,2,6,FILL_UPDATE,BIN_C02,80.69,,,
30.0,2,6,FILL_UPDATE,BIN_C03,24.69,,,
30.0,2,6,FILL_UPDATE,BIN_R01,41.54,,,
30.0,2,6,FILL_UPDATE,BIN_R02,53.86,,,
30.0,2,6,FILL_UPDATE,BIN_R03,38.33,,,
30.0,2,6,FILL_UPDATE,BIN_R04,73.64,,,
30.0,2,6,FILL_UPDATE,BIN_I01,84.98,,,
30.0,2,6,FILL_UPDATE,BIN_I02,29.11,,,
30.0,2,6,FILL_UPDATE,BIN_P01,68.88,,,
30.0,2,6,FILL_UPDATE,BIN_P02,8.98,,,
30.0,2,6,FILL_UPDATE,BIN_P03,14.66,,,
30.376,2,6,TRUCK_ARRIVED,BIN_R04,70.84,TRUCK_03,1.376,TRUCK_03 arrived at BIN_R04 after 1.38h travel
30.626,2,6,BIN_EMPTIED,BIN_R04,0.0,TRUCK_03,1.626,✅ BIN_R04 emptied by TRUCK_03 (total=1.63h | queue=0.00h | travel=1.38h)
31.0,2,7,FILL_UPDATE,BIN_C01,11.74,,,
31.0,2,7,FILL_UPDATE,BIN_C02,7.66,,,
31.0,2,7,FILL_UPDATE,BIN_C03,28.39,,,
31.0,2,7,FILL_UPDATE,BIN_R01,46.81,,,
31.0,2,7,FILL_UPDATE,BIN_R02,57.79,,,
31.0,2,7,FILL_UPDATE,BIN_R03,43.03,,,
31.0,2,7,FILL_UPDATE,BIN_R04,76.72,,,
31.0,2,7,FILL_UPDATE,BIN_I01,6.42,,,
31.0,2,7,FILL_UPDATE,BIN_I02,36.0,,,
31.0,2,7,FILL_UPDATE,BIN_P01,72.27,,,
31.0,2,7,FILL_UPDATE,BIN_P02,11.63,,,
31.0,2,7,FILL_UPDATE,BIN_P03,18.66,,,
32.0,2,8,FILL_UPDATE,BIN_C01,16.81,,,
32.0,2,8,FILL_UPDATE,BIN_C02,17.11,,,
32.0,2,8,FILL_UPDATE,BIN_C03,41.95,,,
32.0,2,8,FILL_UPDATE,BIN_R01,53.51,,,
32.0,2,8,FILL_UPDATE,BIN_R02,62.77,,,
32.0,2,8,FILL_UPDATE,BIN_R03,47.33,,,
32.0,2,8,FILL_UPDATE,BIN_R04,4.19,,,
32.0,2,8,FILL_UPDATE,BIN_I01,12.35,,,
32.0,2,8,FILL_UPDATE,BIN_I02,46.59,,,
32.0,2,8,FILL_UPDATE,BIN_P01,74.63,,,
32.0,2,8,FILL_UPDATE,BIN_P02,14.4,,,
32.0,2,8,FILL_UPDATE,BIN_P03,25.95,,,
33.0,2,9,FILL_UPDATE,BIN_C01,34.41,,,
33.0,2,9,FILL_UPDATE,BIN_C02,29.97,,,
33.0,2,9,FILL_UPDATE,BIN_C03,52.44,,,
33.0,2,9,PREEMPTIVE_DISPATCH,BIN_C03,52.44,,,BIN_C03 predicted=98.0% — pre-emptive dispatch
33.0,2,9,FILL_UPDATE,BIN_R01,62.21,,,
33.0,2,9,FILL_UPDATE,BIN_R02,71.29,,,
33.0,2,9,PREEMPTIVE_DISPATCH,BIN_R02,71.29,,,BIN_R02 predicted=92.3% — pre-emptive dispatch
33.0,2,9,FILL_UPDATE,BIN_R03,55.83,,,
33.0,2,9,FILL_UPDATE,BIN_R04,9.45,,,
33.0,2,9,FILL_UPDATE,BIN_I01,22.08,,,
33.0,2,9,FILL_UPDATE,BIN_I02,57.23,,,
33.0,2,9,FILL_UPDATE,BIN_P01,79.24,,,
33.0,2,9,PREEMPTIVE_DISPATCH,BIN_P01,79.24,,,BIN_P01 predicted=90.4% — pre-emptive dispatch
33.0,2,9,FILL_UPDATE,BIN_P02,19.29,,,
33.0,2,9,FILL_UPDATE,BIN_P03,31.28,,,
33.0,2,9,TRUCK_DISPATCHED,BIN_C03,52.44,TRUCK_03,,TRUCK_03 dispatched to BIN_C03 (queued 0.00h | type=PREEMPTIVE)
33.0,2,9,TRUCK_DISPATCHED,BIN_R02,71.29,TRUCK_03,,TRUCK_03 dispatched to BIN_R02 (queued 0.00h | type=PREEMPTIVE)
33.0,2,9,TRUCK_DISPATCHED,BIN_P01,79.24,TRUCK_03,,TRUCK_03 dispatched to BIN_P01 (queued 0.00h | type=PREEMPTIVE)
33.836,2,9,TRUCK_ARRIVED,BIN_R02,71.29,TRUCK_03,0.836,TRUCK_03 arrived at BIN_R02 after 0.84h travel
34.0,2,10,FILL_UPDATE,BIN_C01,46.16,,,
34.0,2,10,FILL_UPDATE,BIN_C02,36.68,,,
34.0,2,10,FILL_UPDATE,BIN_C03,67.07,,,
34.0,2,10,FILL_UPDATE,BIN_R01,68.08,,,
34.0,2,10,FILL_UPDATE,BIN_R02,77.3,,,
34.0,2,10,FILL_UPDATE,BIN_R03,61.84,,,
34.0,2,10,FILL_UPDATE,BIN_R04,14.34,,,
34.0,2,10,FILL_UPDATE,BIN_I01,29.16,,,
34.0,2,10,FILL_UPDATE,BIN_I02,64.79,,,
34.0,2,10,FILL_UPDATE,BIN_P01,81.99,,,
34.0,2,10,FILL_UPDATE,BIN_P02,24.4,,,
34.0,2,10,FILL_UPDATE,BIN_P03,34.43,,,
34.086,2,10,BIN_EMPTIED,BIN_R02,0.0,TRUCK_03,1.086,✅ BIN_R02 emptied by TRUCK_03 (total=1.09h | queue=0.00h | travel=0.84h)
34.472,2,10,TRUCK_ARRIVED,BIN_C03,52.44,TRUCK_03,1.472,TRUCK_03 arrived at BIN_C03 after 1.47h travel
34.672,2,10,TRUCK_ARRIVED,BIN_P01,79.24,TRUCK_03,1.672,TRUCK_03 arrived at BIN_P01 after 1.67h travel
34.722,2,10,BIN_EMPTIED,BIN_C03,0.0,TRUCK_03,1.722,✅ BIN_C03 emptied by TRUCK_03 (total=1.72h | queue=0.00h | travel=1.47h)
34.922,2,10,BIN_EMPTIED,BIN_P01,0.0,TRUCK_03,1.922,✅ BIN_P01 emptied by TRUCK_03 (total=1.92h | queue=0.00h | travel=1.67h)
35.0,2,11,FILL_UPDATE,BIN_C01,50.86,,,
35.0,2,11,FILL_UPDATE,BIN_C02,40.96,,,
35.0,2,11,FILL_UPDATE,BIN_C03,70.59,,,
35.0,2,11,FILL_UPDATE,BIN_R01,70.36,,,
35.0,2,11,FILL_UPDATE,BIN_R02,79.69,,,
35.0,2,11,FILL_UPDATE,BIN_R03,63.28,,,
35.0,2,11,FILL_UPDATE,BIN_R04,17.47,,,
35.0,2,11,FILL_UPDATE,BIN_I01,31.26,,,
35.0,2,11,FILL_UPDATE,BIN_I02,68.71,,,
35.0,2,11,FILL_UPDATE,BIN_P01,82.82,,,
35.0,2,11,FILL_UPDATE,BIN_P02,25.29,,,
35.0,2,11,FILL_UPDATE,BIN_P03,35.06,,,
36.0,2,12,FILL_UPDATE,BIN_C01,58.31,,,
36.0,2,12,FILL_UPDATE,BIN_C02,51.42,,,
36.0,2,12,FILL_UPDATE,BIN_C03,6.75,,,
36.0,2,12,FILL_UPDATE,BIN_R01,75.23,,,
36.0,2,12,FILL_UPDATE,BIN_R02,6.46,,,
36.0,2,12,FILL_UPDATE,BIN_R03,69.22,,,
36.0,2,12,FILL_UPDATE,BIN_R04,23.61,,,
36.0,2,12,FILL_UPDATE,BIN_I01,45.39,,,
36.0,2,12,FILL_UPDATE,BIN_I02,74.77,,,
36.0,2,12,FILL_UPDATE,BIN_P01,2.33,,,
36.0,2,12,FILL_UPDATE,BIN_P02,29.72,,,
36.0,2,12,FILL_UPDATE,BIN_P03,37.38,,,
37.0,2,13,FILL_UPDATE,BIN_C01,68.73,,,
37.0,2,13,FILL_UPDATE,BIN_C02,62.29,,,
37.0,2,13,FILL_UPDATE,BIN_C03,11.61,,,
37.0,2,13,FILL_UPDATE,BIN_R01,83.14,,,
37.0,2,13,THRESHOLD_CROSSED,BIN_R01,83.14,,,BIN_R01 fill=83.1% — requesting truck
37.0,2,13,FILL_UPDATE,BIN_R02,10.34,,,
37.0,2,13,FILL_UPDATE,BIN_R03,74.6,,,
37.0,2,13,FILL_UPDATE,BIN_R04,29.62,,,
37.0,2,13,FILL_UPDATE,BIN_I01,51.95,,,
37.0,2,13,FILL_UPDATE,BIN_I02,78.3,,,
37.0,2,13,FILL_UPDATE,BIN_P01,5.1,,,
37.0,2,13,FILL_UPDATE,BIN_P02,31.94,,,
37.0,2,13,FILL_UPDATE,BIN_P03,40.16,,,
37.0,2,13,TRUCK_DISPATCHED,BIN_R01,83.14,TRUCK_01,,TRUCK_01 dispatched to BIN_R01 (queued 0.00h | type=THRESHOLD)
38.0,2,14,FILL_UPDATE,BIN_C01,71.45,,,
38.0,2,14,PREEMPTIVE_DISPATCH,BIN_C01,71.45,,,BIN_C01 predicted=102.9% — pre-emptive dispatch
38.0,2,14,FILL_UPDATE,BIN_C02,66.58,,,
38.0,2,14,PREEMPTIVE_DISPATCH,BIN_C02,66.58,,,BIN_C02 predicted=111.4% — pre-emptive dispatch
38.0,2,14,FILL_UPDATE,BIN_C03,16.71,,,
38.0,2,14,FILL_UPDATE,BIN_R01,84.68,,,
38.0,2,14,FILL_UPDATE,BIN_R02,12.44,,,
38.0,2,14,FILL_UPDATE,BIN_R03,76.84,,,
38.0,2,14,PREEMPTIVE_DISPATCH,BIN_R03,76.84,,,BIN_R03 predicted=100.3% — pre-emptive dispatch
38.0,2,14,FILL_UPDATE,BIN_R04,32.01,,,
38.0,2,14,FILL_UPDATE,BIN_I01,55.69,,,
38.0,2,14,PREEMPTIVE_DISPATCH,BIN_I01,55.69,,,BIN_I01 predicted=90.8% — pre-emptive dispatch
38.0,2,14,FILL_UPDATE,BIN_I02,80.65,,,
38.0,2,14,THRESHOLD_CROSSED,BIN_I02,80.65,,,BIN_I02 fill=80.6% — requesting truck
38.0,2,14,FILL_UPDATE,BIN_P01,6.16,,,
38.0,2,14,FILL_UPDATE,BIN_P02,32.61,,,
38.0,2,14,FILL_UPDATE,BIN_P03,41.0,,,
38.0,2,14,TRUCK_DISPATCHED,BIN_C01,71.45,TRUCK_03,,TRUCK_03 dispatched to BIN_C01 (queued 0.00h | type=PREEMPTIVE)
38.0,2,14,TRUCK_DISPATCHED,BIN_C02,66.58,TRUCK_03,,TRUCK_03 dispatched to BIN_C02 (queued 0.00h | type=PREEMPTIVE)
39.0,2,15,FILL_UPDATE,BIN_C01,74.74,,,
39.0,2,15,FILL_UPDATE,BIN_C02,68.47,,,
39.0,2,15,FILL_UPDATE,BIN_C03,20.7,,,
39.0,2,15,FILL_UPDATE,BIN_R01,87.73,,,
39.0,2,15,FILL_UPDATE,BIN_R02,14.0,,,
39.0,2,15,FILL_UPDATE,BIN_R03,78.74,,,
39.0,2,15,FILL_UPDATE,BIN_R04,34.7,,,
39.0,2,15,FILL_UPDATE,BIN_I01,58.44,,,
39.0,2,15,FILL_UPDATE,BIN_I02,83.7,,,
39.0,2,15,FILL_UPDATE,BIN_P01,7.23,,,
39.0,2,15,FILL_UPDATE,BIN_P02,33.69,,,
39.0,2,15,FILL_UPDATE,BIN_P03,41.59,,,
39.511,2,15,TRUCK_ARRIVED,BIN_R01,83.14,TRUCK_01,2.511,TRUCK_01 arrived at BIN_R01 after 2.51h travel
39.576,2,15,TRUCK_ARRIVED,BIN_C02,66.58,TRUCK_03,1.576,TRUCK_03 arrived at BIN_C02 after 1.58h travel
39.761,2,15,BIN_EMPTIED,BIN_R01,0.0,TRUCK_01,2.761,✅ BIN_R01 emptied by TRUCK_01 (total=2.76h | queue=0.00h | travel=2.51h)
39.761,2,15,TRUCK_DISPATCHED,BIN_R03,76.84,TRUCK_03,1.761,TRUCK_03 dispatched to BIN_R03 (queued 1.76h | type=PREEMPTIVE)
39.826,2,15,BIN_EMPTIED,BIN_C02,0.0,TRUCK_03,1.826,✅ BIN_C02 emptied by TRUCK_03 (total=1.83h | queue=0.00h | travel=1.58h)
39.826,2,15,TRUCK_DISPATCHED,BIN_I01,55.69,TRUCK_03,1.826,TRUCK_03 dispatched to BIN_I01 (queued 1.83h | type=PREEMPTIVE)
40.0,2,16,FILL_UPDATE,BIN_C01,76.47,,,
40.0,2,16,FILL_UPDATE,BIN_C02,71.17,,,
40.0,2,16,FILL_UPDATE,BIN_C03,24.33,,,
40.0,2,16,FILL_UPDATE,BIN_R01,89.44,,,
40.0,2,16,FILL_UPDATE,BIN_R02,15.42,,,
40.0,2,16,FILL_UPDATE,BIN_R03,79.62,,,
40.0,2,16,FILL_UPDATE,BIN_R04,35.13,,,
40.0,2,16,FILL_UPDATE,BIN_I01,60.49,,,
40.0,2,16,FILL_UPDATE,BIN_I02,85.28,,,
40.0,2,16,FILL_UPDATE,BIN_P01,8.51,,,
40.0,2,16,FILL_UPDATE,BIN_P02,34.46,,,
40.0,2,16,FILL_UPDATE,BIN_P03,42.94,,,
40.011,2,16,TRUCK_ARRIVED,BIN_C01,71.45,TRUCK_03,2.011,TRUCK_03 arrived at BIN_C01 after 2.01h travel
40.261,2,16,BIN_EMPTIED,BIN_C01,0.0,TRUCK_03,2.261,✅ BIN_C01 emptied by TRUCK_03 (total=2.26h | queue=0.00h | travel=2.01h)
40.261,2,16,TRUCK_DISPATCHED,BIN_I02,80.65,TRUCK_03,2.261,TRUCK_03 dispatched to BIN_I02 (queued 2.26h | type=THRESHOLD)
40.981,2,16,TRUCK_ARRIVED,BIN_R03,76.84,TRUCK_03,1.22,TRUCK_03 arrived at BIN_R03 after 1.22h travel
41.0,2,17,FILL_UPDATE,BIN_C01,95.84,,,
41.0,2,17,FILL_UPDATE,BIN_C02,8.28,,,
41.0,2,17,FILL_UPDATE,BIN_C03,34.05,,,
41.0,2,17,FILL_UPDATE,BIN_R01,7.2,,,
41.0,2,17,FILL_UPDATE,BIN_R02,22.87,,,
41.0,2,17,FILL_UPDATE,BIN_R03,89.56,,,
41.0,2,17,FILL_UPDATE,BIN_R04,41.6,,,
41.0,2,17,FILL_UPDATE,BIN_I01,71.16,,,
41.0,2,17,FILL_UPDATE,BIN_I02,96.34,,,
41.0,2,17,FILL_UPDATE,BIN_P01,13.18,,,
41.0,2,17,FILL_UPDATE,BIN_P02,39.24,,,
41.0,2,17,FILL_UPDATE,BIN_P03,47.04,,,
41.231,2,17,BIN_EMPTIED,BIN_R03,0.0,TRUCK_03,3.231,✅ BIN_R03 emptied by TRUCK_03 (total=3.23h | queue=1.76h | travel=1.22h)
41.722,2,17,TRUCK_ARRIVED,BIN_I02,80.65,TRUCK_03,1.46,TRUCK_03 arrived at BIN_I02 after 1.46h travel
41.804,2,17,TRUCK_ARRIVED,BIN_I01,55.69,TRUCK_03,1.978,TRUCK_03 arrived at BIN_I01 after 1.98h travel
41.972,2,17,BIN_EMPTIED,BIN_I02,0.0,TRUCK_03,3.972,✅ BIN_I02 emptied by TRUCK_03 (total=3.97h | queue=2.26h | travel=1.46h)
42.0,2,18,FILL_UPDATE,BIN_C01,13.91,,,
42.0,2,18,FILL_UPDATE,BIN_C02,19.61,,,
42.0,2,18,FILL_UPDATE,BIN_C03,48.18,,,
42.0,2,18,FILL_UPDATE,BIN_R01,15.24,,,
42.0,2,18,FILL_UPDATE,BIN_R02,32.79,,,
42.0,2,18,FILL_UPDATE,BIN_R03,96.08,,,
42.0,2,18,FILL_UPDATE,BIN_R04,44.31,,,
42.0,2,18,FILL_UPDATE,BIN_I01,72.56,,,
42.0,2,18,FILL_UPDATE,BIN_I02,100.0,,,
42.0,2,18,OVERFLOW,BIN_I02,100.0,,,⚠️ BIN_I02 OVERFLOWED at hour 42.0!
42.0,2,18,FILL_UPDATE,BIN_P01,18.92,,,
42.0,2,18,FILL_UPDATE,BIN_P02,44.39,,,
42.0,2,18,FILL_UPDATE,BIN_P03,51.35,,,
42.054,2,18,BIN_EMPTIED,BIN_I01,0.0,TRUCK_03,4.054,✅ BIN_I01 emptied by TRUCK_03 (total=4.05h | queue=1.83h | travel=1.98h)
43.0,2,19,FILL_UPDATE,BIN_C01,21.44,,,
43.0,2,19,FILL_UPDATE,BIN_C02,34.47,,,
43.0,2,19,FILL_UPDATE,BIN_C03,59.97,,,
43.0,2,19,FILL_UPDATE,BIN_R01,17.13,,,
43.0,2,19,FILL_UPDATE,BIN_R02,37.62,,,
43.0,2,19,FILL_UPDATE,BIN_R03,5.69,,,
43.0,2,19,FILL_UPDATE,BIN_R04,51.99,,,
43.0,2,19,FILL_UPDATE,BIN_I01,83.42,,,
43.0,2,19,FILL_UPDATE,BIN_I02,13.53,,,
43.0,2,19,FILL_UPDATE,BIN_P01,22.6,,,
43.0,2,19,FILL_UPDATE,BIN_P02,48.99,,,
43.0,2,19,FILL_UPDATE,BIN_P03,56.24,,,
44.0,2,20,FILL_UPDATE,BIN_C01,32.61,,,
44.0,2,20,FILL_UPDATE,BIN_C02,46.34,,,
44.0,2,20,FILL_UPDATE,BIN_C03,73.82,,,
44.0,2,20,FILL_UPDATE,BIN_R01,24.39,,,
44.0,2,20,FILL_UPDATE,BIN_R02,41.15,,,
44.0,2,20,FILL_UPDATE,BIN_R03,9.74,,,
44.0,2,20,FILL_UPDATE,BIN_R04,57.36,,,
44.0,2,20,FILL_UPDATE,BIN_I01,6.44,,,
44.0,2,20,FILL_UPDATE,BIN_I02,24.08,,,
44.0,2,20,FILL_UPDATE,BIN_P01,25.24,,,
44.0,2,20,FILL_UPDATE,BIN_P02,52.23,,,
44.0,2,20,FILL_UPDATE,BIN_P03,58.58,,,
45.0,2,21,FILL_UPDATE,BIN_C01,36.26,,,
45.0,2,21,FILL_UPDATE,BIN_C02,49.11,,,
45.0,2,21,FILL_UPDATE,BIN_C03,75.84,,,
45.0,2,21,FILL_UPDATE,BIN_R01,26.28,,,
45.0,2,21,FILL_UPDATE,BIN_R02,43.91,,,
45.0,2,21,FILL_UPDATE,BIN_R03,12.14,,,
45.0,2,21,FILL_UPDATE,BIN_R04,59.0,,,
45.0,2,21,FILL_UPDATE,BIN_I01,9.53,,,
45.0,2,21,FILL_UPDATE,BIN_I02,27.91,,,
45.0,2,21,FILL_UPDATE,BIN_P01,25.99,,,
45.0,2,21,FILL_UPDATE,BIN_P02,53.43,,,
45.0,2,21,FILL_UPDATE,BIN_P03,59.36,,,
46.0,2,22,FILL_UPDATE,BIN_C01,39.49,,,
46.0,2,22,FILL_UPDATE,BIN_C02,52.9,,,
46.0,2,22,FILL_UPDATE,BIN_C03,79.86,,,
46.0,2,22,FILL_UPDATE,BIN_R01,28.71,,,
46.0,2,22,FILL_UPDATE,BIN_R02,45.45,,,
46.0,2,22,FILL_UPDATE,BIN_R03,13.11,,,
46.0,2,22,FILL_UPDATE,BIN_R04,60.47,,,
46.0,2,22,FILL_UPDATE,BIN_I01,11.99,,,
46.0,2,22,FILL_UPDATE,BIN_I02,30.47,,,
46.0,2,22,FILL_UPDATE,BIN_P01,27.39,,,
46.0,2,22,FILL_UPDATE,BIN_P02,53.81,,,
46.0,2,22,FILL_UPDATE,BIN_P03,60.96,,,
47.0,2,23,FILL_UPDATE,BIN_C01,42.39,,,
47.0,2,23,FILL_UPDATE,BIN_C02,55.83,,,
47.0,2,23,FILL_UPDATE,BIN_C03,83.5,,,
47.0,2,23,THRESHOLD_CROSSED,BIN_C03,83.5,,,BIN_C03 fill=83.5% — requesting truck
47.0,2,23,FILL_UPDATE,BIN_R01,30.72,,,
47.0,2,23,FILL_UPDATE,BIN_R02,47.34,,,
47.0,2,23,FILL_UPDATE,BIN_R03,14.75,,,
47.0,2,23,FILL_UPDATE,BIN_R04,62.2,,,
47.0,2,23,FILL_UPDATE,BIN_I01,14.53,,,
47.0,2,23,FILL_UPDATE,BIN_I02,32.9,,,
47.0,2,23,FILL_UPDATE,BIN_P01,27.59,,,
47.0,2,23,FILL_UPDATE,BIN_P02,54.94,,,
47.0,2,23,FILL_UPDATE,BIN_P03,61.06,,,
47.0,2,23,TRUCK_DISPATCHED,BIN_C03,83.5,TRUCK_01,,TRUCK_01 dispatched to BIN_C03 (queued 0.00h | type=THRESHOLD)
48.0,3,0,FILL_UPDATE,BIN_C01,46.75,,,
48.0,3,0,FILL_UPDATE,BIN_C02,59.69,,,
48.0,3,0,FILL_UPDATE,BIN_C03,86.12,,,
48.0,3,0,FILL_UPDATE,BIN_R01,33.62,,,
48.0,3,0,FILL_UPDATE,BIN_R02,49.22,,,
48.0,3,0,FILL_UPDATE,BIN_R03,16.79,,,
48.0,3,0,FILL_UPDATE,BIN_R04,64.17,,,
48.0,3,0,FILL_UPDATE,BIN_I01,16.98,,,
48.0,3,0,FILL_UPDATE,BIN_I02,36.35,,,
48.0,3,0,FILL_UPDATE,BIN_P01,29.07,,,
48.0,3,0,FILL_UPDATE,BIN_P02,55.49,,,
48.0,3,0,FILL_UPDATE,BIN_P03,61.6,,,
48.444,3,0,TRUCK_ARRIVED,BIN_C03,83.5,TRUCK_01,1.444,TRUCK_01 arrived at BIN_C03 after 1.44h travel
48.694,3,0,BIN_EMPTIED,BIN_C03,0.0,TRUCK_01,1.694,✅ BIN_C03 emptied by TRUCK_01 (total=1.69h | queue=0.00h | travel=1.44h)
49.0,3,1,FILL_UPDATE,BIN_C01,49.24,,,
49.0,3,1,FILL_UPDATE,BIN_C02,63.27,,,
49.0,3,1,FILL_UPDATE,BIN_C03,89.79,,,
49.0,3,1,FILL_UPDATE,BIN_R01,36.34,,,
49.0,3,1,FILL_UPDATE,BIN_R02,50.82,,,
49.0,3,1,FILL_UPDATE,BIN_R03,19.26,,,
49.0,3,1,FILL_UPDATE,BIN_R04,66.28,,,
49.0,3,1,FILL_UPDATE,BIN_I01,19.21,,,
49.0,3,1,FILL_UPDATE,BIN_I02,38.71,,,
49.0,3,1,FILL_UPDATE,BIN_P01,30.0,,,
49.0,3,1,FILL_UPDATE,BIN_P02,56.05,,,
49.0,3,1,FILL_UPDATE,BIN_P03,63.23,,,
50.0,3,2,FILL_UPDATE,BIN_C01,51.5,,,
50.0,3,2,FILL_UPDATE,BIN_C02,65.88,,,
50.0,3,2,FILL_UPDATE,BIN_C03,4.89,,,
50.0,3,2,FILL_UPDATE,BIN_R01,37.68,,,
50.0,3,2,FILL_UPDATE,BIN_R02,53.16,,,
50.0,3,2,FILL_UPDATE,BIN_R03,19.51,,,
50.0,3,2,FILL_UPDATE,BIN_R04,67.19,,,
50.0,3,2,FILL_UPDATE,BIN_I01,22.64,,,
50.0,3,2,FILL_UPDATE,BIN_I02,42.46,,,
50.0,3,2,FILL_UPDATE,BIN_P01,31.24,,,
50.0,3,2,FILL_UPDATE,BIN_P02,57.35,,,
50.0,3,2,FILL_UPDATE,BIN_P03,64.28,,,
51.0,3,3,FILL_UPDATE,BIN_C01,54.0,,,
51.0,3,3,FILL_UPDATE,BIN_C02,67.44,,,
51.0,3,3,FILL_UPDATE,BIN_C03,7.15,,,
51.0,3,3,FILL_UPDATE,BIN_R01,39.53,,,
51.0,3,3,FILL_UPDATE,BIN_R02,55.46,,,
51.0,3,3,FILL_UPDATE,BIN_R03,20.66,,,
51.0,3,3,FILL_UPDATE,BIN_R04,68.36,,,
51.0,3,3,FILL_UPDATE,BIN_I01,25.63,,,
51.0,3,3,FILL_UPDATE,BIN_I02,45.05,,,
51.0,3,3,FILL_UPDATE,BIN_P01,31.99,,,
51.0,3,3,FILL_UPDATE,BIN_P02,57.72,,,
51.0,3,3,FILL_UPDATE,BIN_P03,65.27,,,
52.0,3,4,FILL_UPDATE,BIN_C01,57.47,,,
52.0,3,4,PREEMPTIVE_DISPATCH,BIN_C01,57.47,,,BIN_C01 predicted=90.7% — pre-emptive dispatch
52.0,3,4,FILL_UPDATE,BIN_C02,70.81,,,
52.0,3,4,PREEMPTIVE_DISPATCH,BIN_C02,70.81,,,BIN_C02 predicted=91.1% — pre-emptive dispatch
52.0,3,4,FILL_UPDATE,BIN_C03,10.53,,,
52.0,3,4,FILL_UPDATE,BIN_R01,41.31,,,
52.0,3,4,FILL_UPDATE,BIN_R02,56.79,,,
52.0,3,4,FILL_UPDATE,BIN_R03,21.57,,,
52.0,3,4,FILL_UPDATE,BIN_R04,69.36,,,
52.0,3,4,FILL_UPDATE,BIN_I01,27.48,,,
52.0,3,4,FILL_UPDATE,BIN_I02,47.29,,,
52.0,3,4,FILL_UPDATE,BIN_P01,32.73,,,
52.0,3,4,FILL_UPDATE,BIN_P02,58.38,,,
52.0,3,4,FILL_UPDATE,BIN_P03,65.79,,,
52.0,3,4,TRUCK_DISPATCHED,BIN_C01,57.47,TRUCK_02,,TRUCK_02 dispatched to BIN_C01 (queued 0.00h | type=PREEMPTIVE)
52.0,3,4,TRUCK_DISPATCHED,BIN_C02,70.81,TRUCK_02,,TRUCK_02 dispatched to BIN_C02 (queued 0.00h | type=PREEMPTIVE)
53.0,3,5,FILL_UPDATE,BIN_C01,60.54,,,
53.0,3,5,FILL_UPDATE,BIN_C02,73.94,,,
53.0,3,5,FILL_UPDATE,BIN_C03,13.82,,,
53.0,3,5,FILL_UPDATE,BIN_R01,43.64,,,
53.0,3,5,FILL_UPDATE,BIN_R02,58.21,,,
53.0,3,5,FILL_UPDATE,BIN_R03,23.27,,,
53.0,3,5,FILL_UPDATE,BIN_R04,70.63,,,
53.0,3,5,PREEMPTIVE_DISPATCH,BIN_R04,70.63,,,BIN_R04 predicted=100.1% — pre-emptive dispatch
53.0,3,5,FILL_UPDATE,BIN_I01,31.49,,,
53.0,3,5,FILL_UPDATE,BIN_I02,50.3,,,
53.0,3,5,PREEMPTIVE_DISPATCH,BIN_I02,50.3,,,BIN_I02 predicted=93.1% — pre-emptive dispatch
53.0,3,5,FILL_UPDATE,BIN_P01,33.57,,,
53.0,3,5,FILL_UPDATE,BIN_P02,59.15,,,
53.0,3,5,FILL_UPDATE,BIN_P03,66.53,,,
53.0,3,5,TRUCK_DISPATCHED,BIN_R04,70.63,TRUCK_03,,TRUCK_03 dispatched to BIN_R04 (queued 0.00h | type=PREEMPTIVE)
53.666,3,5,TRUCK_ARRIVED,BIN_C02,70.81,TRUCK_02,1.666,TRUCK_02 arrived at BIN_C02 after 1.67h travel
53.754,3,5,TRUCK_ARRIVED,BIN_C01,57.47,TRUCK_02,1.754,TRUCK_02 arrived at BIN_C01 after 1.75h travel
53.916,3,5,BIN_EMPTIED,BIN_C02,0.0,TRUCK_02,1.916,✅ BIN_C02 emptied by TRUCK_02 (total=1.92h | queue=0.00h | travel=1.67h)
53.916,3,5,TRUCK_DISPATCHED,BIN_I02,50.3,TRUCK_03,0.916,TRUCK_03 dispatched to BIN_I02 (queued 0.92h | type=PREEMPTIVE)
54.0,3,6,FILL_UPDATE,BIN_C01,64.02,,,
54.0,3,6,FILL_UPDATE,BIN_C02,75.63,,,
54.0,3,6,FILL_UPDATE,BIN_C03,17.4,,,
54.0,3,6,FILL_UPDATE,BIN_R01,44.2,,,
54.0,3,6,FILL_UPDATE,BIN_R02,60.7,,,
54.0,3,6,FILL_UPDATE,BIN_R03,26.02,,,
54.0,3,6,FILL_UPDATE,BIN_R04,71.95,,,
54.0,3,6,FILL_UPDATE,BIN_I01,33.94,,,
54.0,3,6,FILL_UPDATE,BIN_I02,52.87,,,
54.0,3,6,FILL_UPDATE,BIN_P01,34.79,,,
54.0,3,6,FILL_UPDATE,BIN_P02,60.22,,,
54.0,3,6,FILL_UPDATE,BIN_P03,67.49,,,
54.004,3,6,BIN_EMPTIED,BIN_C01,0.0,TRUCK_02,2.004,✅ BIN_C01 emptied by TRUCK_02 (total=2.00h | queue=0.00h | travel=1.75h)
54.514,3,6,TRUCK_ARRIVED,BIN_R04,70.63,TRUCK_03,1.514,TRUCK_03 arrived at BIN_R04 after 1.51h travel
54.764,3,6,BIN_EMPTIED,BIN_R04,0.0,TRUCK_03,1.764,✅ BIN_R04 emptied by TRUCK_03 (total=1.76h | queue=0.00h | travel=1.51h)
55.0,3,7,FILL_UPDATE,BIN_C01,70.05,,,
55.0,3,7,FILL_UPDATE,BIN_C02,10.77,,,
55.0,3,7,FILL_UPDATE,BIN_C03,26.66,,,
55.0,3,7,FILL_UPDATE,BIN_R01,47.94,,,
55.0,3,7,FILL_UPDATE,BIN_R02,65.1,,,
55.0,3,7,PREEMPTIVE_DISPATCH,BIN_R02,65.1,,,BIN_R02 predicted=97.1% — pre-emptive dispatch
55.0,3,7,FILL_UPDATE,BIN_R03,30.79,,,
55.0,3,7,FILL_UPDATE,BIN_R04,75.71,,,
55.0,3,7,FILL_UPDATE,BIN_I01,40.23,,,
55.0,3,7,FILL_UPDATE,BIN_I02,60.4,,,
55.0,3,7,FILL_UPDATE,BIN_P01,38.11,,,
55.0,3,7,FILL_UPDATE,BIN_P02,61.34,,,
55.0,3,7,FILL_UPDATE,BIN_P03,70.38,,,
55.0,3,7,TRUCK_DISPATCHED,BIN_R02,65.1,TRUCK_02,,TRUCK_02 dispatched to BIN_R02 (queued 0.00h | type=PREEMPTIVE)
55.108,3,7,TRUCK_ARRIVED,BIN_I02,50.3,TRUCK_03,1.192,TRUCK_03 arrived at BIN_I02 after 1.19h travel
55.358,3,7,BIN_EMPTIED,BIN_I02,0.0,TRUCK_03,2.358,✅ BIN_I02 emptied by TRUCK_03 (total=2.36h | queue=0.92h | travel=1.19h)
55.639,3,7,TRUCK_ARRIVED,BIN_R02,65.1,TRUCK_02,0.639,TRUCK_02 arrived at BIN_R02 after 0.64h travel
55.889,3,7,BIN_EMPTIED,BIN_R02,0.0,TRUCK_02,0.889,✅ BIN_R02 emptied by TRUCK_02 (total=0.89h | queue=0.00h | travel=0.64h)
56.0,3,8,FILL_UPDATE,BIN_C01,13.1,,,
56.0,3,8,FILL_UPDATE,BIN_C02,22.44,,,
56.0,3,8,FILL_UPDATE,BIN_C03,38.66,,,
56.0,3,8,FILL_UPDATE,BIN_R01,56.23,,,
56.0,3,8,FILL_UPDATE,BIN_R02,71.98,,,
56.0,3,8,FILL_UPDATE,BIN_R03,37.78,,,
56.0,3,8,FILL_UPDATE,BIN_R04,8.44,,,
56.0,3,8,FILL_UPDATE,BIN_I01,46.78,,,
56.0,3,8,FILL_UPDATE,BIN_I02,66.49,,,
56.0,3,8,FILL_UPDATE,BIN_P01,41.75,,,
56.0,3,8,FILL_UPDATE,BIN_P02,66.5,,,
56.0,3,8,FILL_UPDATE,BIN_P03,73.94,,,
57.0,3,9,FILL_UPDATE,BIN_C01,31.66,,,
57.0,3,9,FILL_UPDATE,BIN_C02,35.49,,,
57.0,3,9,FILL_UPDATE,BIN_C03,47.4,,,
57.0,3,9,FILL_UPDATE,BIN_R01,61.76,,,
57.0,3,9,FILL_UPDATE,BIN_R02,7.14,,,
57.0,3,9,FILL_UPDATE,BIN_R03,44.61,,,
57.0,3,9,FILL_UPDATE,BIN_R04,15.6,,,
57.0,3,9,FILL_UPDATE,BIN_I01,53.4,,,
57.0,3,9,FILL_UPDATE,BIN_I02,5.65,,,
57.0,3,9,FILL_UPDATE,BIN_P01,48.2,,,
57.0,3,9,FILL_UPDATE,BIN_P02,70.16,,,
57.0,3,9,FILL_UPDATE,BIN_P03,78.18,,,
58.0,3,10,FILL_UPDATE,BIN_C01,40.62,,,
58.0,3,10,FILL_UPDATE,BIN_C02,45.22,,,
58.0,3,10,FILL_UPDATE,BIN_C03,58.99,,,
58.0,3,10,FILL_UPDATE,BIN_R01,68.6,,,
58.0,3,10,FILL_UPDATE,BIN_R02,15.02,,,
58.0,3,10,FILL_UPDATE,BIN_R03,45.35,,,
58.0,3,10,FILL_UPDATE,BIN_R04,18.76,,,
58.0,3,10,FILL_UPDATE,BIN_I01,58.32,,,
58.0,3,10,FILL_UPDATE,BIN_I02,15.8,,,
58.0,3,10,FILL_UPDATE,BIN_P01,50.81,,,
58.0,3,10,FILL_UPDATE,BIN_P02,72.82,,,
58.0,3,10,FILL_UPDATE,BIN_P03,79.57,,,
59.0,3,11,FILL_UPDATE,BIN_C01,43.86,,,
59.0,3,11,FILL_UPDATE,BIN_C02,48.59,,,
59.0,3,11,FILL_UPDATE,BIN_C03,63.44,,,
59.0,3,11,FILL_UPDATE,BIN_R01,70.34,,,
59.0,3,11,FILL_UPDATE,BIN_R02,16.51,,,
59.0,3,11,FILL_UPDATE,BIN_R03,47.0,,,
59.0,3,11,FILL_UPDATE,BIN_R04,19.69,,,
59.0,3,11,FILL_UPDATE,BIN_I01,62.15,,,
59.0,3,11,FILL_UPDATE,BIN_I02,17.7,,,
59.0,3,11,FILL_UPDATE,BIN_P01,51.57,,,
59.0,3,11,FILL_UPDATE,BIN_P02,74.09,,,
59.0,3,11,FILL_UPDATE,BIN_P03,81.43,,,
59.0,3,11,THRESHOLD_CROSSED,BIN_P03,81.43,,,BIN_P03 fill=81.4% — requesting truck
59.0,3,11,TRUCK_DISPATCHED,BIN_P03,81.43,TRUCK_01,,TRUCK_01 dispatched to BIN_P03 (queued 0.00h | type=THRESHOLD)
60.0,3,12,FILL_UPDATE,BIN_C01,55.84,,,
60.0,3,12,FILL_UPDATE,BIN_C02,62.24,,,
60.0,3,12,FILL_UPDATE,BIN_C03,73.29,,,
60.0,3,12,FILL_UPDATE,BIN_R01,76.42,,,
60.0,3,12,FILL_UPDATE,BIN_R02,25.38,,,
60.0,3,12,FILL_UPDATE,BIN_R03,51.59,,,
60.0,3,12,FILL_UPDATE,BIN_R04,22.51,,,
60.0,3,12,FILL_UPDATE,BIN_I01,72.89,,,
60.0,3,12,FILL_UPDATE,BIN_I02,22.37,,,
60.0,3,12,FILL_UPDATE,BIN_P01,55.99,,,
60.0,3,12,FILL_UPDATE,BIN_P02,78.28,,,
60.0,3,12,FILL_UPDATE,BIN_P03,82.72,,,
60.258,3,12,TRUCK_ARRIVED,BIN_P03,81.43,TRUCK_01,1.258,TRUCK_01 arrived at BIN_P03 after 1.26h travel
60.508,3,12,BIN_EMPTIED,BIN_P03,0.0,TRUCK_01,1.508,✅ BIN_P03 emptied by TRUCK_01 (total=1.51h | queue=0.00h | travel=1.26h)
61.0,3,13,FILL_UPDATE,BIN_C01,69.14,,,
61.0,3,13,FILL_UPDATE,BIN_C02,70.64,,,
61.0,3,13,FILL_UPDATE,BIN_C03,83.94,,,
61.0,3,13,THRESHOLD_CROSSED,BIN_C03,83.94,,,BIN_C03 fill=83.9% — requesting truck
61.0,3,13,FILL_UPDATE,BIN_R01,82.08,,,
61.0,3,13,THRESHOLD_CROSSED,BIN_R01,82.08,,,BIN_R01 fill=82.1% — requesting truck
61.0,3,13,FILL_UPDATE,BIN_R02,33.92,,,
61.0,3,13,FILL_UPDATE,BIN_R03,58.05,,,
61.0,3,13,FILL_UPDATE,BIN_R04,27.86,,,
61.0,3,13,FILL_UPDATE,BIN_I01,81.17,,,
61.0,3,13,THRESHOLD_CROSSED,BIN_I01,81.17,,,BIN_I01 fill=81.2% — requesting truck
61.0,3,13,FILL_UPDATE,BIN_I02,30.73,,,
61.0,3,13,FILL_UPDATE,BIN_P01,58.39,,,
61.0,3,13,FILL_UPDATE,BIN_P02,79.91,,,
61.0,3,13,FILL_UPDATE,BIN_P03,87.83,,,
61.0,3,13,TRUCK_DISPATCHED,BIN_C03,83.94,TRUCK_03,,TRUCK_03 dispatched to BIN_C03 (queued 0.00h | type=THRESHOLD)
61.0,3,13,TRUCK_DISPATCHED,BIN_R01,82.08,TRUCK_03,,TRUCK_03 dispatched to BIN_R01 (queued 0.00h | type=THRESHOLD)
61.0,3,13,TRUCK_DISPATCHED,BIN_I01,81.17,TRUCK_03,,TRUCK_03 dispatched to BIN_I01 (queued 0.00h | type=THRESHOLD)
62.0,3,14,FILL_UPDATE,BIN_C01,72.7,,,
62.0,3,14,PREEMPTIVE_DISPATCH,BIN_C01,72.7,,,BIN_C01 predicted=119.0% — pre-emptive dispatch
62.0,3,14,FILL_UPDATE,BIN_C02,74.75,,,
62.0,3,14,PREEMPTIVE_DISPATCH,BIN_C02,74.75,,,BIN_C02 predicted=105.2% — pre-emptive dispatch
62.0,3,14,FILL_UPDATE,BIN_C03,87.03,,,
62.0,3,14,FILL_UPDATE,BIN_R01,84.0,,,
62.0,3,14,FILL_UPDATE,BIN_R02,35.52,,,
62.0,3,14,FILL_UPDATE,BIN_R03,60.1,,,
62.0,3,14,FILL_UPDATE,BIN_R04,30.01,,,
62.0,3,14,FILL_UPDATE,BIN_I01,83.83,,,
62.0,3,14,FILL_UPDATE,BIN_I02,32.06,,,
62.0,3,14,FILL_UPDATE,BIN_P01,59.12,,,
62.0,3,14,FILL_UPDATE,BIN_P02,81.15,,,
62.0,3,14,THRESHOLD_CROSSED,BIN_P02,81.15,,,BIN_P02 fill=81.1% — requesting truck
62.0,3,14,FILL_UPDATE,BIN_P03,1.5,,,
62.059,3,14,TRUCK_ARRIVED,BIN_C03,83.94,TRUCK_03,1.059,TRUCK_03 arrived at BIN_C03 after 1.06h travel
62.309,3,14,BIN_EMPTIED,BIN_C03,0.0,TRUCK_03,1.309,✅ BIN_C03 emptied by TRUCK_03 (total=1.31h | queue=0.00h | travel=1.06h)
62.309,3,14,TRUCK_DISPATCHED,BIN_C01,72.7,TRUCK_03,0.309,TRUCK_03 dispatched to BIN_C01 (queued 0.31h | type=PREEMPTIVE)
62.389,3,14,TRUCK_ARRIVED,BIN_I01,81.17,TRUCK_03,1.389,TRUCK_03 arrived at BIN_I01 after 1.39h travel
62.411,3,14,TRUCK_ARRIVED,BIN_R01,82.08,TRUCK_03,1.411,TRUCK_03 arrived at BIN_R01 after 1.41h travel
62.639,3,14,BIN_EMPTIED,BIN_I01,0.0,TRUCK_03,1.639,✅ BIN_I01 emptied by TRUCK_03 (total=1.64h | queue=0.00h | travel=1.39h)
62.639,3,14,TRUCK_DISPATCHED,BIN_C02,74.75,TRUCK_03,0.639,TRUCK_03 dispatched to BIN_C02 (queued 0.64h | type=PREEMPTIVE)
62.661,3,14,BIN_EMPTIED,BIN_R01,0.0,TRUCK_03,1.661,✅ BIN_R01 emptied by TRUCK_03 (total=1.66h | queue=0.00h | travel=1.41h)
62.661,3,14,TRUCK_DISPATCHED,BIN_P02,81.15,TRUCK_03,0.661,TRUCK_03 dispatched to BIN_P02 (queued 0.66h | type=THRESHOLD)
63.0,3,15,FILL_UPDATE,BIN_C01,78.55,,,
63.0,3,15,FILL_UPDATE,BIN_C02,78.56,,,
63.0,3,15,FILL_UPDATE,BIN_C03,88.51,,,
63.0,3,15,FILL_UPDATE,BIN_R01,86.2,,,
63.0,3,15,FILL_UPDATE,BIN_R02,37.5,,,
63.0,3,15,FILL_UPDATE,BIN_R03,62.25,,,
63.0,3,15,FILL_UPDATE,BIN_R04,31.03,,,
63.0,3,15,FILL_UPDATE,BIN_I01,85.56,,,
63.0,3,15,FILL_UPDATE,BIN_I02,34.04,,,
63.0,3,15,FILL_UPDATE,BIN_P01,60.79,,,
63.0,3,15,FILL_UPDATE,BIN_P02,81.67,,,
63.0,3,15,FILL_UPDATE,BIN_P03,2.67,,,
63.932,3,15,TRUCK_ARRIVED,BIN_C01,72.7,TRUCK_03,1.624,TRUCK_03 arrived at BIN_C01 after 1.62h travel
64.0,3,16,FILL_UPDATE,BIN_C01,81.19,,,
64.0,3,16,FILL_UPDATE,BIN_C02,81.68,,,
64.0,3,16,FILL_UPDATE,BIN_C03,3.26,,,
64.0,3,16,FILL_UPDATE,BIN_R01,2.14,,,
64.0,3,16,FILL_UPDATE,BIN_R02,39.5,,,
64.0,3,16,FILL_UPDATE,BIN_R03,63.74,,,
64.0,3,16,FILL_UPDATE,BIN_R04,32.55,,,
64.0,3,16,FILL_UPDATE,BIN_I01,2.14,,,
64.0,3,16,FILL_UPDATE,BIN_I02,37.38,,,
64.0,3,16,FILL_UPDATE,BIN_P01,61.09,,,
64.0,3,16,FILL_UPDATE,BIN_P02,83.17,,,
64.0,3,16,FILL_UPDATE,BIN_P03,3.45,,,
64.182,3,16,BIN_EMPTIED,BIN_C01,0.0,TRUCK_03,2.182,✅ BIN_C01 emptied by TRUCK_03 (total=2.18h | queue=0.31h | travel=1.62h)
64.258,3,16,TRUCK_ARRIVED,BIN_P02,81.15,TRUCK_03,1.596,TRUCK_03 arrived at BIN_P02 after 1.60h travel
64.508,3,16,BIN_EMPTIED,BIN_P02,0.0,TRUCK_03,2.508,✅ BIN_P02 emptied by TRUCK_03 (total=2.51h | queue=0.66h | travel=1.60h)
64.82,3,16,TRUCK_ARRIVED,BIN_C02,74.75,TRUCK_03,2.181,TRUCK_03 arrived at BIN_C02 after 2.18h travel
65.0,3,17,FILL_UPDATE,BIN_C01,91.39,,,
65.0,3,17,FILL_UPDATE,BIN_C02,94.73,,,
65.0,3,17,FILL_UPDATE,BIN_C03,21.47,,,
65.0,3,17,FILL_UPDATE,BIN_R01,13.49,,,
65.0,3,17,FILL_UPDATE,BIN_R02,48.48,,,
65.0,3,17,FILL_UPDATE,BIN_R03,72.16,,,
65.0,3,17,FILL_UPDATE,BIN_R04,37.34,,,
65.0,3,17,FILL_UPDATE,BIN_I01,11.06,,,
65.0,3,17,FILL_UPDATE,BIN_I02,49.26,,,
65.0,3,17,FILL_UPDATE,BIN_P01,65.02,,,
65.0,3,17,FILL_UPDATE,BIN_P02,85.24,,,
65.0,3,17,FILL_UPDATE,BIN_P03,6.96,,,
65.07,3,17,BIN_EMPTIED,BIN_C02,0.0,TRUCK_03,3.07,✅ BIN_C02 emptied by TRUCK_03 (total=3.07h | queue=0.64h | travel=2.18h)
66.0,3,18,FILL_UPDATE,BIN_C01,6.09,,,
66.0,3,18,FILL_UPDATE,BIN_C02,100.0,,,
66.0,3,18,OVERFLOW,BIN_C02,100.0,,,⚠️ BIN_C02 OVERFLOWED at hour 66.0!
66.0,3,18,FILL_UPDATE,BIN_C03,41.47,,,
66.0,3,18,FILL_UPDATE,BIN_R01,18.49,,,
66.0,3,18,FILL_UPDATE,BIN_R02,59.41,,,
66.0,3,18,FILL_UPDATE,BIN_R03,79.26,,,
66.0,3,18,FILL_UPDATE,BIN_R04,44.05,,,
66.0,3,18,FILL_UPDATE,BIN_I01,29.52,,,
66.0,3,18,FILL_UPDATE,BIN_I02,58.33,,,
66.0,3,18,FILL_UPDATE,BIN_P01,69.67,,,
66.0,3,18,FILL_UPDATE,BIN_P02,4.97,,,
66.0,3,18,FILL_UPDATE,BIN_P03,10.54,,,
67.0,3,19,FILL_UPDATE,BIN_C01,19.64,,,
67.0,3,19,FILL_UPDATE,BIN_C02,7.49,,,
67.0,3,19,FILL_UPDATE,BIN_C03,53.08,,,
67.0,3,19,FILL_UPDATE,BIN_R01,28.37,,,
67.0,3,19,FILL_UPDATE,BIN_R02,64.41,,,
67.0,3,19,FILL_UPDATE,BIN_R03,83.41,,,
67.0,3,19,THRESHOLD_CROSSED,BIN_R03,83.41,,,BIN_R03 fill=83.4% — requesting truck
67.0,3,19,FILL_UPDATE,BIN_R04,51.01,,,
67.0,3,19,FILL_UPDATE,BIN_I01,42.5,,,
67.0,3,19,FILL_UPDATE,BIN_I02,66.67,,,
67.0,3,19,FILL_UPDATE,BIN_P01,72.08,,,
67.0,3,19,FILL_UPDATE,BIN_P02,9.1,,,
67.0,3,19,FILL_UPDATE,BIN_P03,12.98,,,
67.0,3,19,TRUCK_DISPATCHED,BIN_R03,83.41,TRUCK_01,,TRUCK_01 dispatched to BIN_R03 (queued 0.00h | type=THRESHOLD)
68.0,3,20,FILL_UPDATE,BIN_C01,28.03,,,
68.0,3,20,FILL_UPDATE,BIN_C02,9.64,,,
68.0,3,20,FILL_UPDATE,BIN_C03,63.44,,,
68.0,3,20,FILL_UPDATE,BIN_R01,33.03,,,
68.0,3,20,FILL_UPDATE,BIN_R02,66.52,,,
68.0,3,20,FILL_UPDATE,BIN_R03,89.2,,,
68.0,3,20,FILL_UPDATE,BIN_R04,53.6,,,
68.0,3,20,FILL_UPDATE,BIN_I01,45.82,,,
68.0,3,20,FILL_UPDATE,BIN_I02,73.08,,,
68.0,3,20,FILL_UPDATE,BIN_P01,75.89,,,
68.0,3,20,FILL_UPDATE,BIN_P02,10.86,,,
68.0,3,20,FILL_UPDATE,BIN_P03,16.78,,,
68.392,3,20,TRUCK_ARRIVED,BIN_R03,83.41,TRUCK_01,1.392,TRUCK_01 arrived at BIN_R03 after 1.39h travel
68.642,3,20,BIN_EMPTIED,BIN_R03,0.0,TRUCK_01,1.642,✅ BIN_R03 emptied by TRUCK_01 (total=1.64h | queue=0.00h | travel=1.39h)
69.0,3,21,FILL_UPDATE,BIN_C01,31.34,,,
69.0,3,21,FILL_UPDATE,BIN_C02,13.58,,,
69.0,3,21,FILL_UPDATE,BIN_C03,66.32,,,
69.0,3,21,FILL_UPDATE,BIN_R01,34.83,,,
69.0,3,21,FILL_UPDATE,BIN_R02,66.62,,,
69.0,3,21,FILL_UPDATE,BIN_R03,91.49,,,
69.0,3,21,FILL_UPDATE,BIN_R04,53.93,,,
69.0,3,21,FILL_UPDATE,BIN_I01,48.88,,,
69.0,3,21,FILL_UPDATE,BIN_I02,75.6,,,
69.0,3,21,FILL_UPDATE,BIN_P01,76.82,,,
69.0,3,21,FILL_UPDATE,BIN_P02,11.6,,,
69.0,3,21,FILL_UPDATE,BIN_P03,17.58,,,
70.0,3,22,FILL_UPDATE,BIN_C01,34.71,,,
70.0,3,22,FILL_UPDATE,BIN_C02,17.15,,,
70.0,3,22,FILL_UPDATE,BIN_C03,69.28,,,
70.0,3,22,FILL_UPDATE,BIN_R01,37.11,,,
70.0,3,22,FILL_UPDATE,BIN_R02,68.26,,,
70.0,3,22,FILL_UPDATE,BIN_R03,1.93,,,
70.0,3,22,FILL_UPDATE,BIN_R04,55.43,,,
70.0,3,22,FILL_UPDATE,BIN_I01,51.48,,,
70.0,3,22,FILL_UPDATE,BIN_I02,78.93,,,
70.0,3,22,FILL_UPDATE,BIN_P01,78.57,,,
70.0,3,22,FILL_UPDATE,BIN_P02,12.42,,,
70.0,3,22,FILL_UPDATE,BIN_P03,18.61,,,
71.0,3,23,FILL_UPDATE,BIN_C01,38.45,,,
71.0,3,23,FILL_UPDATE,BIN_C02,19.76,,,
71.0,3,23,FILL_UPDATE,BIN_C03,72.2,,,
71.0,3,23,FILL_UPDATE,BIN_R01,38.29,,,
71.0,3,23,FILL_UPDATE,BIN_R02,71.25,,,
71.0,3,23,FILL_UPDATE,BIN_R03,3.69,,,
71.0,3,23,FILL_UPDATE,BIN_R04,57.13,,,
71.0,3,23,FILL_UPDATE,BIN_I01,53.03,,,
71.0,3,23,FILL_UPDATE,BIN_I02,81.26,,,
71.0,3,23,THRESHOLD_CROSSED,BIN_I02,81.26,,,BIN_I02 fill=81.3% — requesting truck
71.0,3,23,FILL_UPDATE,BIN_P01,79.96,,,
71.0,3,23,FILL_UPDATE,BIN_P02,14.45,,,
71.0,3,23,FILL_UPDATE,BIN_P03,19.74,,,
71.0,3,23,TRUCK_DISPATCHED,BIN_I02,81.26,TRUCK_01,,TRUCK_01 dispatched to BIN_I02 (queued 0.00h | type=THRESHOLD)
